student_id,prior_cgpa,attendance_rate,study_hours,age,gender,parental_education,extracurricular,academic_outcome
UNIBEN0001,3.28,59.5,1.7,22,Male,Secondary,No,Fail
UNIBEN0002,2.27,71.2,2.8,17,Male,Postgraduate,Yes,Pass
UNIBEN0003,3.61,83.9,1.1,16,Female,Tertiary,Yes,Pass
UNIBEN0004,3.76,76.6,2.9,23,Male,Secondary,No,Pass
UNIBEN0005,1.59,68.9,0.2,21,Male,Primary,Yes,Fail
UNIBEN0006,2.07,68.6,1.1,24,Male,Postgraduate,Yes,Fail
UNIBEN0007,3.15,68.0,0.5,19,Male,Tertiary,Yes,Fail
UNIBEN0008,2.81,65.7,4.8,22,Male,Secondary,Yes,Fail
UNIBEN0009,3.04,100.0,1.3,23,Male,Tertiary,Yes,Pass
UNIBEN0010,2.41,82.2,3.6,20,Female,None,No,Fail
UNIBEN0011,3.71,90.4,0.4,20,Female,Secondary,Yes,Pass
UNIBEN0012,3.63,71.2,6.1,21,Female,Secondary,No,Pass
UNIBEN0013,3.1,75.4,2.5,22,Female,Secondary,No,Pass
UNIBEN0014,3.9,68.0,2.3,21,Male,Secondary,No,Pass
UNIBEN0015,3.4,40.9,0.6,23,Female,Secondary,No,Fail
UNIBEN0016,2.41,58.7,1.0,20,Female,Primary,No,Fail
UNIBEN0017,3.33,52.7,1.9,18,Female,None,No,Pass
UNIBEN0018,2.33,46.5,1.0,25,Female,Primary,No,Fail
UNIBEN0019,3.71,61.3,4.5,20,Male,Postgraduate,No,Pass
UNIBEN0020,3.01,96.5,2.5,20,Male,Tertiary,No,Pass
UNIBEN0021,2.91,77.4,1.0,21,Male,Secondary,No,Fail
UNIBEN0022,2.54,96.1,4.0,21,Male,Secondary,Yes,Pass
UNIBEN0023,3.97,83.8,1.7,20,Male,Tertiary,No,Fail
UNIBEN0024,2.93,89.0,3.9,21,Male,Primary,No,Pass
UNIBEN0025,2.73,65.4,1.5,21,Male,Secondary,Yes,Fail
UNIBEN0026,2.79,85.3,3.4,21,Female,Tertiary,No,Pass
UNIBEN0027,3.45,88.2,1.7,16,Female,Secondary,Yes,Pass
UNIBEN0028,3.32,69.9,4.5,25,Female,Tertiary,Yes,Pass
UNIBEN0029,3.36,85.8,0.4,21,Male,Postgraduate,No,Pass
UNIBEN0030,3.37,85.9,0.8,22,Female,Tertiary,Yes,Pass
UNIBEN0031,4.66,70.3,2.1,18,Female,Primary,Yes,Pass
UNIBEN0032,2.75,62.3,1.3,20,Female,Primary,Yes,Fail
UNIBEN0033,2.67,61.4,1.7,20,Female,Primary,No,Fail
UNIBEN0034,2.44,79.2,3.7,24,Male,Tertiary,No,Fail
UNIBEN0035,3.51,82.6,1.6,20,Male,Postgraduate,No,Pass
UNIBEN0036,3.9,66.9,2.9,23,Female,Postgraduate,No,Pass
UNIBEN0037,2.96,78.4,1.1,20,Female,Secondary,No,Fail
UNIBEN0038,2.42,86.0,0.3,20,Male,Tertiary,No,Fail
UNIBEN0039,2.43,86.7,3.9,20,Male,Secondary,No,Pass
UNIBEN0040,3.54,99.7,7.0,24,Male,Tertiary,Yes,Pass
UNIBEN0041,3.61,95.9,2.7,17,Male,Tertiary,No,Pass
UNIBEN0042,3.46,64.0,2.2,18,Female,Primary,No,Pass
UNIBEN0043,2.55,100.0,2.5,17,Female,Primary,Yes,Fail
UNIBEN0044,3.22,70.6,5.6,19,Male,Postgraduate,Yes,Pass
UNIBEN0045,3.14,92.6,2.7,19,Male,Secondary,No,Pass
UNIBEN0046,3.21,79.0,4.0,17,Male,Secondary,Yes,Pass
UNIBEN0047,3.7,72.2,3.9,19,Male,Secondary,No,Pass
UNIBEN0048,3.22,52.7,4.7,17,Female,Secondary,Yes,Fail
UNIBEN0049,3.56,75.6,2.1,19,Female,Postgraduate,No,Fail
UNIBEN0050,3.1,56.2,1.5,24,Female,Primary,Yes,Fail
UNIBEN0051,3.27,91.5,3.4,22,Male,Primary,No,Pass
UNIBEN0052,3.52,99.2,4.5,21,Female,Tertiary,Yes,Pass
UNIBEN0053,1.96,66.8,5.1,19,Female,Tertiary,Yes,Fail
UNIBEN0054,2.81,82.2,6.0,18,Male,Primary,No,Pass
UNIBEN0055,2.7,67.8,4.2,18,Female,None,No,Fail
UNIBEN0056,2.57,69.2,1.4,21,Female,Secondary,No,Fail
UNIBEN0057,2.84,88.8,2.7,23,Female,Secondary,No,Fail
UNIBEN0058,4.17,77.5,2.6,23,Male,None,Yes,Pass
UNIBEN0059,2.4,100.0,2.4,22,Male,Secondary,No,Fail
UNIBEN0060,3.78,71.2,3.4,19,Male,Tertiary,No,Pass
UNIBEN0061,1.79,92.0,2.0,21,Male,Tertiary,Yes,Fail
UNIBEN0062,2.8,79.4,2.0,20,Male,Postgraduate,No,Pass
UNIBEN0063,3.17,89.1,7.3,21,Female,Secondary,No,Pass
UNIBEN0064,3.49,71.7,2.2,25,Male,Secondary,No,Pass
UNIBEN0065,3.58,77.3,4.7,17,Male,Postgraduate,No,Pass
UNIBEN0066,3.65,76.4,4.9,20,Female,Tertiary,Yes,Pass
UNIBEN0067,2.79,66.3,2.8,24,Male,Secondary,No,Pass
UNIBEN0068,2.7,87.3,2.0,18,Male,Secondary,Yes,Fail
UNIBEN0069,3.69,87.1,1.1,20,Female,Secondary,Yes,Pass
UNIBEN0070,2.91,86.3,0.5,20,Male,Secondary,No,Fail
UNIBEN0071,2.09,99.5,3.6,21,Male,Tertiary,No,Fail
UNIBEN0072,2.2,98.3,3.1,17,Female,None,Yes,Pass
UNIBEN0073,2.36,72.8,4.0,22,Male,Postgraduate,Yes,Fail
UNIBEN0074,3.42,83.2,1.6,22,Male,Tertiary,No,Fail
UNIBEN0075,3.16,69.3,7.8,22,Male,Tertiary,Yes,Pass
UNIBEN0076,3.57,78.3,3.3,19,Female,Secondary,Yes,Pass
UNIBEN0077,2.73,69.6,2.2,21,Male,Tertiary,Yes,Pass
UNIBEN0078,3.17,100.0,0.3,19,Female,Tertiary,No,Pass
UNIBEN0079,3.52,83.1,1.7,20,Male,Primary,No,Pass
UNIBEN0080,2.82,74.9,4.1,26,Female,Tertiary,Yes,Fail
UNIBEN0081,3.39,94.7,5.9,21,Male,Tertiary,Yes,Pass
UNIBEN0082,2.55,47.6,2.4,18,Male,Tertiary,No,Fail
UNIBEN0083,2.78,49.8,6.5,21,Female,Secondary,No,Pass
UNIBEN0084,2.76,89.1,1.1,18,Female,Tertiary,No,Pass
UNIBEN0085,2.15,78.8,3.2,18,Male,Secondary,Yes,Fail
UNIBEN0086,3.42,81.5,3.2,19,Male,Primary,No,Pass
UNIBEN0087,2.7,59.4,3.6,20,Male,Primary,No,Fail
UNIBEN0088,3.06,77.7,2.7,23,Male,Primary,No,Pass
UNIBEN0089,3.41,100.0,3.0,22,Female,Secondary,Yes,Pass
UNIBEN0090,3.38,89.5,1.0,22,Male,Secondary,No,Pass
UNIBEN0091,3.55,80.4,5.5,19,Male,Tertiary,Yes,Pass
UNIBEN0092,2.98,71.9,4.4,20,Male,Primary,Yes,Fail
UNIBEN0093,2.73,72.5,3.0,22,Male,Postgraduate,Yes,Pass
UNIBEN0094,2.99,48.2,4.5,20,Male,Primary,No,Pass
UNIBEN0095,1.78,81.6,5.7,20,Male,Tertiary,Yes,Pass
UNIBEN0096,1.96,89.8,3.6,22,Male,Postgraduate,No,Pass
UNIBEN0097,2.06,55.9,8.3,20,Female,Tertiary,No,Pass
UNIBEN0098,2.3,68.7,3.8,21,Male,Tertiary,No,Pass
UNIBEN0099,3.35,61.8,1.2,25,Female,Tertiary,Yes,Pass
UNIBEN0100,2.37,64.5,2.9,21,Male,Primary,No,Fail
UNIBEN0101,2.77,78.7,4.6,24,Male,None,Yes,Pass
UNIBEN0102,4.02,48.8,5.7,22,Male,Secondary,No,Pass
UNIBEN0103,2.78,86.6,2.7,18,Male,Primary,Yes,Pass
UNIBEN0104,3.6,88.6,1.1,19,Female,Secondary,Yes,Pass
UNIBEN0105,2.35,74.5,2.0,19,Female,Secondary,No,Pass
UNIBEN0106,2.9,43.3,0.7,19,Female,Postgraduate,Yes,Fail
UNIBEN0107,2.34,64.1,4.0,21,Female,Postgraduate,Yes,Pass
UNIBEN0108,2.8,95.3,1.7,22,Male,Tertiary,No,Fail
UNIBEN0109,3.68,39.1,1.4,24,Male,Tertiary,Yes,Fail
UNIBEN0110,1.75,73.1,4.3,22,Female,Primary,Yes,Pass
UNIBEN0111,3.38,61.5,6.5,20,Male,None,Yes,Pass
UNIBEN0112,3.23,89.3,1.4,16,Male,Tertiary,Yes,Pass
UNIBEN0113,2.6,68.5,2.7,21,Female,Tertiary,No,Fail
UNIBEN0114,1.97,83.7,2.1,21,Female,Secondary,Yes,Fail
UNIBEN0115,3.1,85.9,5.8,21,Female,Secondary,No,Pass
UNIBEN0116,2.65,100.0,2.3,26,Male,Secondary,No,Pass
UNIBEN0117,3.22,75.2,1.0,24,Female,Secondary,Yes,Fail
UNIBEN0118,3.07,83.3,2.3,23,Male,Secondary,No,Pass
UNIBEN0119,4.25,57.2,5.1,19,Male,Secondary,No,Pass
UNIBEN0120,2.87,94.7,2.0,20,Male,Tertiary,Yes,Pass
UNIBEN0121,2.28,67.4,1.5,21,Female,Postgraduate,Yes,Fail
UNIBEN0122,3.18,70.1,2.2,19,Female,Secondary,Yes,Fail
UNIBEN0123,3.21,77.7,1.1,22,Female,Tertiary,Yes,Pass
UNIBEN0124,4.07,56.1,2.1,22,Male,Tertiary,No,Pass
UNIBEN0125,3.68,81.2,1.6,19,Male,Primary,No,Pass
UNIBEN0126,3.32,91.5,9.3,24,Male,Tertiary,No,Pass
UNIBEN0127,4.15,82.1,0.4,21,Female,Secondary,Yes,Pass
UNIBEN0128,2.16,55.8,1.2,17,Male,Tertiary,Yes,Pass
UNIBEN0129,2.57,76.3,1.5,21,Male,None,No,Fail
UNIBEN0130,2.36,88.4,1.1,22,Female,Postgraduate,No,Pass
UNIBEN0131,2.76,51.7,3.2,23,Male,Postgraduate,Yes,Fail
UNIBEN0132,2.02,63.0,1.3,20,Female,None,No,Fail
UNIBEN0133,3.53,90.3,0.6,23,Male,Secondary,No,Pass
UNIBEN0134,2.88,81.8,2.5,21,Female,Primary,No,Fail
UNIBEN0135,1.95,83.8,1.9,18,Male,Tertiary,No,Pass
UNIBEN0136,2.29,100.0,1.4,18,Male,Tertiary,No,Fail
UNIBEN0137,3.29,84.6,5.7,23,Male,Primary,Yes,Pass
UNIBEN0138,3.68,87.2,3.3,24,Male,Tertiary,Yes,Pass
UNIBEN0139,4.55,100.0,3.0,22,Female,Secondary,No,Pass
UNIBEN0140,5.0,75.0,3.3,24,Male,Secondary,Yes,Pass
UNIBEN0141,3.36,66.8,3.2,23,Male,Secondary,Yes,Pass
UNIBEN0142,2.31,84.0,2.0,23,Female,Secondary,No,Pass
UNIBEN0143,1.45,84.1,1.3,19,Male,Secondary,No,Fail
UNIBEN0144,3.25,70.6,2.6,25,Female,Secondary,No,Pass
UNIBEN0145,2.44,63.5,1.9,22,Female,Secondary,No,Fail
UNIBEN0146,2.74,100.0,0.4,20,Male,Postgraduate,No,Pass
UNIBEN0147,2.59,82.6,1.0,20,Female,Secondary,Yes,Pass
UNIBEN0148,2.94,67.7,1.8,22,Male,Postgraduate,No,Fail
UNIBEN0149,3.85,90.8,4.4,17,Male,Tertiary,No,Pass
UNIBEN0150,3.17,76.5,2.6,23,Male,Tertiary,No,Pass
UNIBEN0151,2.93,74.5,1.1,19,Female,Secondary,Yes,Pass
UNIBEN0152,2.27,85.9,0.9,22,Female,Tertiary,Yes,Fail
UNIBEN0153,1.79,59.9,5.0,20,Male,Secondary,No,Fail
UNIBEN0154,2.69,82.9,2.0,20,Female,None,Yes,Fail
UNIBEN0155,3.01,100.0,0.1,19,Male,Primary,Yes,Pass
UNIBEN0156,4.38,84.5,2.1,21,Female,None,No,Pass
UNIBEN0157,3.15,72.7,3.8,25,Female,Postgraduate,No,Pass
UNIBEN0158,3.79,70.9,0.9,24,Female,Postgraduate,Yes,Fail
UNIBEN0159,2.68,72.3,2.5,22,Female,Tertiary,Yes,Pass
UNIBEN0160,2.16,74.4,2.6,21,Female,Primary,Yes,Fail
UNIBEN0161,2.33,72.7,0.9,23,Male,Postgraduate,No,Fail
UNIBEN0162,2.51,90.8,5.3,23,Female,Tertiary,No,Pass
UNIBEN0163,4.65,53.7,2.7,19,Female,Secondary,Yes,Pass
UNIBEN0164,2.43,90.1,1.8,21,Female,Secondary,Yes,Pass
UNIBEN0165,3.68,72.7,2.1,17,Male,Tertiary,Yes,Pass
UNIBEN0166,2.37,83.3,0.8,23,Female,None,Yes,Pass
UNIBEN0167,3.75,62.2,0.7,26,Male,Secondary,Yes,Fail
UNIBEN0168,3.34,96.6,1.6,21,Male,Tertiary,No,Fail
UNIBEN0169,2.93,95.4,1.7,16,Female,Primary,Yes,Pass
UNIBEN0170,3.02,91.4,2.0,22,Male,Secondary,Yes,Fail
UNIBEN0171,2.56,56.8,5.6,19,Female,Secondary,No,Fail
UNIBEN0172,3.38,89.6,3.6,20,Male,Tertiary,No,Pass
UNIBEN0173,2.71,83.7,0.4,22,Female,Postgraduate,Yes,Pass
UNIBEN0174,2.13,55.5,4.9,22,Female,Tertiary,Yes,Fail
UNIBEN0175,2.09,77.7,1.6,20,Male,Tertiary,Yes,Fail
UNIBEN0176,3.18,83.1,3.9,20,Female,Tertiary,Yes,Pass
UNIBEN0177,4.23,85.8,1.7,21,Male,Tertiary,No,Pass
UNIBEN0178,3.17,80.5,2.5,20,Female,Tertiary,Yes,Pass
UNIBEN0179,2.96,82.1,0.8,19,Female,None,No,Fail
UNIBEN0180,3.26,98.6,2.9,20,Male,Tertiary,No,Pass
UNIBEN0181,4.03,95.2,4.2,22,Female,Tertiary,Yes,Pass
UNIBEN0182,3.21,37.9,0.5,21,Male,Secondary,Yes,Pass
UNIBEN0183,2.74,73.6,4.2,18,Female,Tertiary,Yes,Pass
UNIBEN0184,3.88,75.7,1.3,23,Female,Tertiary,Yes,Pass
UNIBEN0185,3.37,53.5,6.8,16,Male,Secondary,No,Pass
UNIBEN0186,4.2,79.3,3.9,20,Female,None,Yes,Pass
UNIBEN0187,3.19,95.5,3.5,20,Male,None,No,Pass
UNIBEN0188,2.13,62.8,2.1,21,Male,Secondary,No,Fail
UNIBEN0189,2.02,82.7,10.0,22,Female,Secondary,No,Pass
UNIBEN0190,4.29,65.2,1.6,23,Male,Primary,No,Fail
UNIBEN0191,4.34,68.6,1.0,19,Female,Primary,No,Pass
UNIBEN0192,2.92,98.7,1.4,22,Male,Secondary,No,Pass
UNIBEN0193,2.76,70.4,4.7,21,Female,Tertiary,No,Pass
UNIBEN0194,4.15,84.5,2.5,17,Female,Tertiary,Yes,Pass
UNIBEN0195,2.22,51.8,2.2,25,Male,Secondary,Yes,Fail
UNIBEN0196,2.38,100.0,1.6,18,Male,Primary,Yes,Pass
UNIBEN0197,3.53,86.4,2.2,22,Male,Primary,Yes,Fail
UNIBEN0198,2.75,75.4,1.6,22,Female,Primary,No,Fail
UNIBEN0199,3.05,86.1,3.7,22,Male,Secondary,Yes,Pass
UNIBEN0200,2.93,58.3,1.9,20,Male,None,No,Pass
UNIBEN0201,3.3,94.6,1.4,23,Female,Secondary,No,Pass
UNIBEN0202,4.11,73.5,4.4,18,Male,Postgraduate,Yes,Pass
UNIBEN0203,3.12,75.1,1.0,21,Male,Secondary,No,Fail
UNIBEN0204,3.53,71.1,2.5,20,Male,Tertiary,Yes,Pass
UNIBEN0205,1.51,69.9,0.4,20,Male,Primary,No,Fail
UNIBEN0206,3.01,87.7,0.7,22,Female,Secondary,No,Fail
UNIBEN0207,2.42,81.6,1.8,23,Female,Postgraduate,Yes,Fail
UNIBEN0208,2.14,87.1,1.5,20,Female,Secondary,No,Fail
UNIBEN0209,2.39,77.9,1.5,23,Female,Tertiary,Yes,Fail
UNIBEN0210,2.8,85.2,3.9,21,Male,Postgraduate,No,Pass
UNIBEN0211,3.74,72.1,4.1,19,Male,Tertiary,No,Pass
UNIBEN0212,2.06,100.0,2.9,20,Female,Secondary,Yes,Fail
UNIBEN0213,3.07,56.0,1.0,20,Female,Secondary,No,Fail
UNIBEN0214,2.69,95.7,2.1,19,Female,None,No,Pass
UNIBEN0215,2.8,97.2,7.4,22,Male,Primary,No,Pass
UNIBEN0216,3.8,66.1,9.7,22,Female,None,No,Pass
UNIBEN0217,3.45,100.0,4.4,18,Female,Postgraduate,No,Pass
UNIBEN0218,4.05,91.9,1.0,17,Female,Tertiary,Yes,Pass
UNIBEN0219,2.93,91.6,2.2,22,Female,Secondary,No,Pass
UNIBEN0220,2.53,78.4,2.7,19,Male,Secondary,No,Fail
UNIBEN0221,2.88,75.0,2.5,22,Male,Tertiary,Yes,Pass
UNIBEN0222,3.23,75.1,4.8,23,Male,Postgraduate,Yes,Pass
UNIBEN0223,3.18,83.5,3.8,18,Male,Secondary,Yes,Pass
UNIBEN0224,2.24,97.6,1.0,18,Female,Secondary,Yes,Fail
UNIBEN0225,3.12,80.5,1.4,25,Male,Tertiary,Yes,Pass
UNIBEN0226,3.22,65.2,4.4,22,Male,Postgraduate,Yes,Pass
UNIBEN0227,4.94,89.5,5.7,20,Male,Postgraduate,No,Pass
UNIBEN0228,4.46,90.9,2.8,19,Female,Secondary,Yes,Pass
UNIBEN0229,2.41,87.2,6.2,20,Female,Primary,Yes,Pass
UNIBEN0230,2.83,88.4,2.6,18,Male,Secondary,No,Pass
UNIBEN0231,1.95,74.2,1.1,23,Female,Secondary,Yes,Pass
UNIBEN0232,2.61,65.0,3.6,19,Male,Postgraduate,No,Pass
UNIBEN0233,3.29,65.8,10.0,23,Male,None,No,Pass
UNIBEN0234,3.95,55.1,0.8,20,Male,Tertiary,No,Fail
UNIBEN0235,2.5,81.3,6.0,19,Female,Postgraduate,No,Pass
UNIBEN0236,2.56,76.8,3.5,20,Female,Postgraduate,Yes,Fail
UNIBEN0237,1.44,71.8,1.4,16,Female,Tertiary,Yes,Fail
UNIBEN0238,2.93,36.6,0.4,21,Male,Postgraduate,No,Pass
UNIBEN0239,2.25,60.5,0.2,21,Female,Primary,No,Fail
UNIBEN0240,2.65,93.7,1.5,23,Female,Secondary,No,Fail
UNIBEN0241,2.39,68.7,3.1,17,Male,None,No,Fail
UNIBEN0242,2.98,83.0,4.2,24,Male,Postgraduate,Yes,Pass
UNIBEN0243,1.73,58.5,4.9,23,Male,Postgraduate,No,Pass
UNIBEN0244,1.95,98.1,2.9,24,Female,None,No,Fail
UNIBEN0245,4.65,76.0,2.6,21,Male,None,No,Pass
UNIBEN0246,2.08,82.1,1.8,23,Male,Secondary,Yes,Fail
UNIBEN0247,2.23,100.0,3.1,18,Female,Secondary,No,Pass
UNIBEN0248,4.43,99.2,1.4,23,Female,Tertiary,Yes,Pass
UNIBEN0249,5.0,73.7,0.8,19,Female,Primary,No,Pass
UNIBEN0250,2.17,69.7,2.5,17,Female,Tertiary,Yes,Fail
UNIBEN0251,2.77,73.4,4.0,19,Male,Tertiary,No,Fail
UNIBEN0252,3.31,85.1,0.7,21,Female,Secondary,Yes,Pass
UNIBEN0253,4.35,76.5,1.5,19,Male,Primary,No,Pass
UNIBEN0254,2.31,72.5,2.4,22,Male,Postgraduate,No,Pass
UNIBEN0255,2.87,98.5,2.4,17,Female,Tertiary,Yes,Pass
UNIBEN0256,3.63,76.4,3.4,16,Male,Secondary,No,Pass
UNIBEN0257,3.38,100.0,7.3,24,Male,Secondary,No,Pass
UNIBEN0258,2.77,79.3,0.2,23,Female,Postgraduate,No,Pass
UNIBEN0259,2.95,100.0,7.5,19,Male,Tertiary,Yes,Pass
UNIBEN0260,2.02,83.0,7.1,21,Male,Tertiary,No,Pass
UNIBEN0261,2.87,91.5,4.3,23,Female,Tertiary,No,Pass
UNIBEN0262,2.85,67.9,2.7,22,Female,Postgraduate,No,Fail
UNIBEN0263,3.22,66.0,1.4,21,Female,Secondary,No,Fail
UNIBEN0264,2.63,84.4,4.2,23,Male,Tertiary,No,Pass
UNIBEN0265,3.4,91.8,2.8,19,Female,Secondary,Yes,Pass
UNIBEN0266,3.81,78.6,1.8,21,Female,Tertiary,Yes,Pass
UNIBEN0267,3.17,60.0,4.2,21,Male,Postgraduate,Yes,Pass
UNIBEN0268,3.31,59.0,4.6,20,Male,Postgraduate,Yes,Fail
UNIBEN0269,3.09,58.0,5.7,20,Male,Secondary,Yes,Fail
UNIBEN0270,3.05,53.3,1.3,21,Female,Tertiary,Yes,Fail
UNIBEN0271,2.51,79.5,5.2,21,Male,Postgraduate,No,Pass
UNIBEN0272,3.29,93.8,1.9,19,Female,Postgraduate,No,Pass
UNIBEN0273,2.98,77.8,2.7,23,Female,Tertiary,Yes,Pass
UNIBEN0274,4.62,46.4,3.1,19,Male,Primary,No,Pass
UNIBEN0275,4.23,75.3,5.0,21,Female,Secondary,No,Pass
UNIBEN0276,3.34,75.7,3.9,20,Male,Postgraduate,No,Pass
UNIBEN0277,2.48,100.0,1.8,22,Male,Tertiary,No,Pass
UNIBEN0278,2.22,57.6,0.3,16,Female,Tertiary,No,Fail
UNIBEN0279,3.94,72.5,3.4,23,Male,Tertiary,No,Pass
UNIBEN0280,3.25,100.0,2.7,20,Female,Secondary,No,Pass
UNIBEN0281,3.41,84.3,0.8,24,Female,Secondary,No,Pass
UNIBEN0282,1.74,85.9,2.9,20,Male,Tertiary,Yes,Fail
UNIBEN0283,3.75,79.6,2.4,21,Male,Secondary,No,Fail
UNIBEN0284,3.39,82.6,5.7,25,Male,Tertiary,No,Pass
UNIBEN0285,2.22,88.9,7.8,20,Female,Tertiary,No,Pass
UNIBEN0286,2.7,66.7,4.6,24,Female,Tertiary,No,Pass
UNIBEN0287,3.25,90.3,2.3,21,Male,Secondary,Yes,Pass
UNIBEN0288,3.09,58.8,2.5,22,Female,Tertiary,Yes,Pass
UNIBEN0289,2.83,82.6,1.2,21,Female,Primary,No,Pass
UNIBEN0290,2.97,80.5,1.4,23,Female,Primary,No,Pass
UNIBEN0291,2.86,69.4,2.2,19,Male,Secondary,No,Fail
UNIBEN0292,3.16,77.7,2.0,19,Male,None,No,Pass
UNIBEN0293,4.15,69.3,0.7,20,Male,Postgraduate,No,Pass
UNIBEN0294,1.13,63.0,5.7,21,Male,Postgraduate,No,Fail
UNIBEN0295,2.87,73.0,6.2,21,Male,None,Yes,Fail
UNIBEN0296,3.18,62.5,5.6,23,Male,Tertiary,No,Pass
UNIBEN0297,3.27,82.5,6.4,24,Male,Secondary,Yes,Pass
UNIBEN0298,2.77,61.9,9.3,19,Male,Tertiary,No,Pass
UNIBEN0299,1.73,88.0,1.3,19,Male,Postgraduate,Yes,Pass
UNIBEN0300,3.3,61.5,9.0,18,Female,Tertiary,No,Pass
UNIBEN0301,4.35,70.1,1.8,25,Female,Primary,Yes,Fail
UNIBEN0302,1.9,69.3,3.7,22,Male,None,Yes,Pass
UNIBEN0303,3.7,96.6,0.6,22,Male,Secondary,No,Pass
UNIBEN0304,2.8,82.6,1.6,18,Male,Postgraduate,No,Pass
UNIBEN0305,3.0,75.0,4.7,21,Female,Tertiary,Yes,Pass
UNIBEN0306,2.26,85.0,3.8,22,Female,Secondary,No,Fail
UNIBEN0307,2.8,48.5,1.8,20,Male,None,Yes,Fail
UNIBEN0308,4.03,77.4,2.5,23,Female,Postgraduate,Yes,Pass
UNIBEN0309,3.49,100.0,1.5,26,Female,Secondary,Yes,Pass
UNIBEN0310,4.35,79.9,4.6,19,Female,Tertiary,No,Pass
UNIBEN0311,3.93,79.0,6.0,19,Male,Tertiary,No,Pass
UNIBEN0312,3.38,85.7,1.3,19,Male,Secondary,No,Pass
UNIBEN0313,4.36,90.5,2.4,25,Female,Primary,No,Pass
UNIBEN0314,3.38,50.0,0.7,23,Male,Secondary,No,Pass
UNIBEN0315,3.67,54.4,2.8,21,Female,Secondary,No,Pass
UNIBEN0316,2.83,80.9,3.5,21,Female,Tertiary,No,Fail
UNIBEN0317,3.1,68.0,3.0,19,Male,Tertiary,Yes,Pass
UNIBEN0318,2.53,96.4,3.3,23,Male,Secondary,Yes,Fail
UNIBEN0319,3.79,73.6,2.2,20,Male,Secondary,Yes,Pass
UNIBEN0320,2.17,50.9,2.2,20,Male,None,No,Fail
UNIBEN0321,3.64,60.2,2.1,22,Female,Secondary,No,Fail
UNIBEN0322,2.91,39.5,1.6,21,Female,Tertiary,Yes,Fail
UNIBEN0323,3.93,74.7,1.8,20,Male,Tertiary,No,Pass
UNIBEN0324,3.61,75.4,3.3,21,Female,Tertiary,No,Pass
UNIBEN0325,4.42,72.1,5.7,23,Male,Primary,Yes,Pass
UNIBEN0326,3.6,93.1,1.1,25,Female,Tertiary,Yes,Pass
UNIBEN0327,1.87,94.8,2.2,22,Male,Secondary,Yes,Fail
UNIBEN0328,3.0,75.6,0.9,23,Female,Postgraduate,Yes,Pass
UNIBEN0329,2.17,48.1,1.6,21,Female,Tertiary,No,Fail
UNIBEN0330,2.66,86.6,1.8,19,Male,Postgraduate,No,Fail
UNIBEN0331,4.18,85.8,2.7,22,Female,Primary,Yes,Pass
UNIBEN0332,3.53,82.3,2.6,21,Female,Secondary,No,Fail
UNIBEN0333,2.53,91.7,2.3,18,Male,Tertiary,Yes,Pass
UNIBEN0334,2.29,61.7,3.2,20,Female,Secondary,Yes,Fail
UNIBEN0335,3.07,100.0,1.2,21,Female,Tertiary,Yes,Pass
UNIBEN0336,2.14,64.6,2.7,20,Female,Secondary,No,Fail
UNIBEN0337,2.55,88.5,3.9,24,Male,Postgraduate,No,Fail
UNIBEN0338,3.28,54.4,1.2,22,Female,Primary,No,Fail
UNIBEN0339,3.92,65.0,0.5,24,Female,Postgraduate,Yes,Pass
UNIBEN0340,3.51,99.2,4.6,22,Female,Secondary,No,Pass
UNIBEN0341,1.33,74.3,0.9,21,Male,Secondary,Yes,Fail
UNIBEN0342,3.28,89.8,1.6,19,Male,Secondary,Yes,Pass
UNIBEN0343,3.1,81.3,3.8,21,Female,Secondary,No,Pass
UNIBEN0344,3.36,76.5,1.1,21,Male,Postgraduate,No,Pass
UNIBEN0345,4.26,97.1,4.4,18,Male,Postgraduate,Yes,Pass
UNIBEN0346,1.5,74.7,1.4,20,Male,Postgraduate,No,Fail
UNIBEN0347,2.61,53.1,1.2,20,Female,Postgraduate,No,Pass
UNIBEN0348,3.49,66.8,0.9,22,Male,Tertiary,No,Pass
UNIBEN0349,1.86,85.7,1.4,22,Female,Secondary,No,Fail
UNIBEN0350,4.16,83.5,3.5,20,Female,Tertiary,Yes,Pass
UNIBEN0351,3.33,56.1,1.6,22,Female,None,No,Pass
UNIBEN0352,3.68,67.9,4.6,21,Female,Tertiary,Yes,Pass
UNIBEN0353,2.62,69.9,2.4,16,Male,Secondary,Yes,Pass
UNIBEN0354,3.66,72.9,2.6,20,Female,Tertiary,No,Pass
UNIBEN0355,3.85,58.7,1.2,23,Male,Secondary,No,Pass
UNIBEN0356,3.22,69.2,5.1,17,Female,Secondary,Yes,Fail
UNIBEN0357,3.23,67.8,3.9,21,Male,None,No,Fail
UNIBEN0358,3.25,88.8,3.9,24,Female,Secondary,No,Pass
UNIBEN0359,2.4,89.3,2.1,19,Female,Secondary,No,Fail
UNIBEN0360,2.94,76.0,0.8,21,Male,Secondary,Yes,Fail
UNIBEN0361,2.94,72.5,2.7,18,Female,Secondary,Yes,Pass
UNIBEN0362,3.34,80.0,3.4,25,Male,Tertiary,Yes,Pass
UNIBEN0363,3.8,66.6,3.4,21,Male,Secondary,Yes,Fail
UNIBEN0364,2.26,61.9,3.1,21,Male,Tertiary,Yes,Fail
UNIBEN0365,2.96,64.8,3.0,24,Male,Primary,Yes,Fail
UNIBEN0366,4.16,69.1,1.4,22,Female,Tertiary,Yes,Pass
UNIBEN0367,2.49,61.7,1.4,19,Female,Primary,Yes,Fail
UNIBEN0368,2.43,80.3,0.9,20,Male,Secondary,No,Pass
UNIBEN0369,3.2,88.2,4.7,22,Female,Tertiary,No,Pass
UNIBEN0370,3.68,55.8,7.6,20,Female,Tertiary,Yes,Pass
UNIBEN0371,3.06,78.4,10.0,16,Female,Secondary,No,Pass
UNIBEN0372,4.05,74.9,2.8,21,Male,Secondary,Yes,Pass
UNIBEN0373,3.69,82.8,3.0,18,Female,Primary,Yes,Pass
UNIBEN0374,3.68,77.8,2.1,25,Male,Secondary,No,Pass
UNIBEN0375,3.47,57.6,2.8,21,Female,Secondary,No,Pass
UNIBEN0376,4.8,60.3,1.1,19,Female,Tertiary,Yes,Pass
UNIBEN0377,2.9,78.4,2.1,19,Female,Secondary,Yes,Pass
UNIBEN0378,1.55,92.4,1.2,17,Male,Tertiary,No,Fail
UNIBEN0379,4.25,47.0,1.9,19,Male,Secondary,No,Fail
UNIBEN0380,2.71,82.8,1.3,23,Female,Secondary,Yes,Fail
UNIBEN0381,3.13,94.7,3.4,26,Male,Secondary,No,Pass
UNIBEN0382,4.03,75.9,3.7,23,Male,None,Yes,Pass
UNIBEN0383,1.85,85.7,3.0,21,Female,Secondary,No,Fail
UNIBEN0384,2.11,68.2,1.4,20,Female,Tertiary,Yes,Pass
UNIBEN0385,1.85,76.3,0.8,19,Male,Tertiary,No,Fail
UNIBEN0386,2.45,55.3,3.7,26,Male,Secondary,No,Pass
UNIBEN0387,3.38,45.2,2.4,21,Female,Primary,Yes,Pass
UNIBEN0388,3.44,91.2,0.4,26,Male,Tertiary,No,Pass
UNIBEN0389,3.26,64.2,2.6,24,Male,None,Yes,Pass
UNIBEN0390,1.99,71.6,3.0,17,Male,Secondary,Yes,Fail
UNIBEN0391,1.32,58.6,0.6,20,Male,Tertiary,No,Fail
UNIBEN0392,3.09,58.3,3.4,20,Female,Secondary,No,Pass
UNIBEN0393,2.7,75.6,0.7,21,Male,Primary,No,Pass
UNIBEN0394,3.39,67.8,1.3,21,Male,Secondary,No,Fail
UNIBEN0395,3.58,83.3,0.7,28,Male,Tertiary,Yes,Fail
UNIBEN0396,3.15,84.3,1.2,19,Male,Primary,Yes,Fail
UNIBEN0397,3.62,82.5,0.8,22,Male,Tertiary,No,Pass
UNIBEN0398,3.22,81.3,4.6,22,Female,Secondary,Yes,Pass
UNIBEN0399,3.45,100.0,2.0,21,Female,Secondary,Yes,Pass
UNIBEN0400,2.52,63.1,1.7,21,Male,Secondary,No,Fail
UNIBEN0401,2.92,77.2,4.9,19,Male,Tertiary,No,Fail
UNIBEN0402,3.2,93.9,4.8,21,Male,Secondary,No,Pass
UNIBEN0403,3.67,95.7,1.8,22,Male,Tertiary,Yes,Pass
UNIBEN0404,2.75,58.1,2.9,22,Female,Secondary,Yes,Pass
UNIBEN0405,3.44,73.6,1.5,22,Male,Primary,No,Fail
UNIBEN0406,2.85,97.0,2.2,24,Female,Secondary,No,Pass
UNIBEN0407,2.96,85.1,1.0,23,Female,Secondary,Yes,Fail
UNIBEN0408,3.67,80.7,3.2,21,Male,Secondary,Yes,Pass
UNIBEN0409,1.56,75.0,5.1,18,Female,Tertiary,Yes,Pass
UNIBEN0410,2.08,72.6,4.5,20,Male,Postgraduate,No,Fail
UNIBEN0411,1.94,82.0,2.5,21,Male,Tertiary,No,Pass
UNIBEN0412,1.3,74.5,0.4,22,Female,Tertiary,No,Fail
UNIBEN0413,2.54,77.4,1.5,20,Male,Tertiary,Yes,Pass
UNIBEN0414,3.61,79.1,2.2,19,Female,Tertiary,No,Pass
UNIBEN0415,2.84,68.5,0.7,18,Female,Secondary,No,Pass
UNIBEN0416,3.2,85.4,0.6,17,Male,Tertiary,Yes,Pass
UNIBEN0417,3.87,100.0,6.0,20,Female,Tertiary,Yes,Pass
UNIBEN0418,4.05,53.1,4.2,18,Male,Secondary,No,Pass
UNIBEN0419,3.0,82.5,3.4,19,Female,Postgraduate,Yes,Pass
UNIBEN0420,4.07,67.4,3.8,20,Male,Tertiary,No,Pass
UNIBEN0421,3.12,86.1,0.9,18,Male,Secondary,No,Pass
UNIBEN0422,2.42,78.7,1.2,22,Male,Postgraduate,Yes,Pass
UNIBEN0423,2.6,88.7,2.8,23,Female,Primary,No,Pass
UNIBEN0424,1.94,94.5,3.0,20,Male,None,No,Fail
UNIBEN0425,2.38,80.7,0.7,20,Female,Secondary,Yes,Fail
UNIBEN0426,2.78,93.8,2.7,22,Male,Tertiary,No,Pass
UNIBEN0427,3.65,45.2,2.3,19,Male,Secondary,Yes,Pass
UNIBEN0428,4.34,100.0,4.4,19,Male,Postgraduate,Yes,Pass
UNIBEN0429,2.01,83.3,3.0,24,Male,Secondary,No,Fail
UNIBEN0430,3.34,93.1,6.4,23,Female,Secondary,No,Pass
UNIBEN0431,2.27,60.9,1.8,22,Male,Tertiary,Yes,Fail
UNIBEN0432,3.41,66.4,0.9,23,Female,None,Yes,Pass
UNIBEN0433,2.95,80.0,6.3,17,Female,Tertiary,No,Fail
UNIBEN0434,1.68,77.8,3.1,24,Male,Secondary,Yes,Fail
UNIBEN0435,3.75,82.0,2.3,22,Female,Postgraduate,No,Pass
UNIBEN0436,2.6,93.2,1.2,23,Female,Tertiary,No,Pass
UNIBEN0437,2.65,53.3,1.8,22,Female,None,No,Fail
UNIBEN0438,2.25,91.6,1.7,21,Female,Primary,Yes,Pass
UNIBEN0439,2.56,78.1,0.9,20,Female,Primary,No,Fail
UNIBEN0440,3.37,75.1,0.3,22,Female,Postgraduate,Yes,Fail
UNIBEN0441,2.91,57.4,1.7,20,Male,Tertiary,Yes,Pass
UNIBEN0442,3.3,85.0,3.9,23,Female,Secondary,Yes,Pass
UNIBEN0443,3.32,44.2,5.3,18,Male,Secondary,Yes,Pass
UNIBEN0444,4.04,87.1,4.5,20,Female,Tertiary,No,Pass
UNIBEN0445,2.79,57.1,4.7,25,Female,Secondary,No,Pass
UNIBEN0446,1.94,78.7,1.0,20,Female,Tertiary,No,Fail
UNIBEN0447,3.85,76.3,2.8,20,Female,Tertiary,No,Pass
UNIBEN0448,2.8,94.4,3.4,19,Female,Secondary,No,Fail
UNIBEN0449,3.89,75.5,3.6,22,Female,Secondary,No,Fail
UNIBEN0450,3.34,68.3,2.2,19,Male,Secondary,No,Fail
UNIBEN0451,2.95,70.9,2.6,21,Male,Secondary,No,Fail
UNIBEN0452,3.31,95.8,4.4,23,Male,Postgraduate,No,Pass
UNIBEN0453,4.51,85.5,3.3,19,Male,Tertiary,Yes,Pass
UNIBEN0454,4.61,72.6,3.8,23,Female,Tertiary,No,Pass
UNIBEN0455,3.1,74.7,1.7,23,Female,Tertiary,Yes,Pass
UNIBEN0456,3.17,56.1,3.6,23,Male,Secondary,Yes,Fail
UNIBEN0457,3.86,83.4,2.6,21,Male,Tertiary,No,Pass
UNIBEN0458,2.42,53.4,4.1,28,Female,Secondary,Yes,Pass
UNIBEN0459,3.3,88.5,1.4,23,Male,Primary,Yes,Pass
UNIBEN0460,3.03,79.8,3.9,22,Female,Secondary,Yes,Pass
UNIBEN0461,3.29,100.0,1.8,19,Female,Tertiary,No,Pass
UNIBEN0462,2.42,62.6,3.9,21,Male,Tertiary,No,Pass
UNIBEN0463,1.86,76.6,2.9,24,Male,Secondary,No,Fail
UNIBEN0464,1.5,100.0,2.4,25,Male,Tertiary,No,Pass
UNIBEN0465,2.21,94.7,1.9,24,Male,Secondary,No,Pass
UNIBEN0466,2.71,68.3,2.3,23,Male,Secondary,No,Fail
UNIBEN0467,2.83,81.1,1.7,18,Male,Primary,No,Fail
UNIBEN0468,4.5,78.0,1.9,22,Male,Tertiary,Yes,Pass
UNIBEN0469,3.88,81.9,3.3,18,Male,Secondary,No,Pass
UNIBEN0470,2.33,68.2,0.5,18,Male,Secondary,Yes,Fail
UNIBEN0471,3.31,76.7,3.9,22,Female,Secondary,Yes,Pass
UNIBEN0472,2.74,55.6,3.9,22,Male,Tertiary,No,Fail
UNIBEN0473,2.84,79.9,2.0,23,Female,Tertiary,Yes,Fail
UNIBEN0474,3.19,84.3,2.6,22,Male,Secondary,No,Pass
UNIBEN0475,3.51,74.8,1.1,22,Male,Postgraduate,No,Pass
UNIBEN0476,2.8,55.4,3.1,19,Male,None,Yes,Pass
UNIBEN0477,3.85,91.8,1.2,21,Female,Primary,No,Pass
UNIBEN0478,2.19,83.1,0.1,18,Male,Tertiary,No,Pass
UNIBEN0479,3.05,67.8,5.2,17,Male,Tertiary,No,Pass
UNIBEN0480,5.0,74.1,1.0,23,Male,Secondary,Yes,Pass
UNIBEN0481,3.22,57.0,2.2,19,Female,Tertiary,No,Fail
UNIBEN0482,4.12,63.6,2.7,23,Male,Secondary,No,Pass
UNIBEN0483,3.12,70.5,3.3,23,Male,Tertiary,No,Pass
UNIBEN0484,3.49,95.2,2.4,20,Female,Tertiary,Yes,Pass
UNIBEN0485,3.01,69.0,2.9,22,Male,Postgraduate,No,Pass
UNIBEN0486,2.92,87.0,1.9,20,Male,Secondary,No,Pass
UNIBEN0487,2.47,70.5,0.6,17,Female,Tertiary,Yes,Pass
UNIBEN0488,3.37,81.5,2.3,21,Male,Tertiary,No,Pass
UNIBEN0489,2.41,76.0,3.6,20,Male,Secondary,No,Pass
UNIBEN0490,3.55,90.2,1.0,20,Male,Secondary,No,Pass
UNIBEN0491,3.86,70.5,2.7,25,Male,Postgraduate,No,Pass
UNIBEN0492,3.32,56.0,7.2,18,Female,Secondary,No,Fail
UNIBEN0493,2.84,58.7,2.2,22,Female,Tertiary,No,Pass
UNIBEN0494,3.39,70.6,2.3,19,Female,Primary,No,Pass
UNIBEN0495,2.82,60.5,0.6,23,Male,Tertiary,Yes,Fail
UNIBEN0496,3.75,83.7,0.9,22,Female,Primary,Yes,Pass
UNIBEN0497,1.68,71.5,1.2,22,Female,Postgraduate,Yes,Fail
UNIBEN0498,2.8,100.0,3.5,19,Male,Tertiary,No,Fail
UNIBEN0499,1.56,53.7,1.1,19,Female,Primary,Yes,Fail
UNIBEN0500,1.93,80.9,0.4,23,Female,Tertiary,No,Fail
UNIBEN0501,4.07,62.2,3.1,25,Female,Tertiary,No,Pass
UNIBEN0502,3.72,71.1,1.3,22,Male,Secondary,Yes,Fail
UNIBEN0503,2.51,80.0,0.6,19,Male,Secondary,No,Fail
UNIBEN0504,1.92,45.4,3.8,22,Female,Tertiary,No,Fail
UNIBEN0505,0.83,81.3,1.8,26,Female,Tertiary,Yes,Fail
UNIBEN0506,2.64,100.0,3.3,21,Male,Secondary,Yes,Pass
UNIBEN0507,4.87,71.7,0.6,24,Male,Tertiary,Yes,Pass
UNIBEN0508,3.38,81.6,0.2,19,Female,Secondary,Yes,Pass
UNIBEN0509,2.63,92.3,2.6,21,Male,Primary,Yes,Pass
UNIBEN0510,3.4,75.7,0.9,22,Male,Tertiary,No,Pass
UNIBEN0511,1.88,69.9,2.5,22,Female,Primary,Yes,Fail
UNIBEN0512,2.83,46.1,2.6,19,Male,Secondary,Yes,Fail
UNIBEN0513,3.12,87.0,2.3,19,Male,Secondary,Yes,Fail
UNIBEN0514,2.99,76.4,4.7,23,Male,Secondary,Yes,Pass
UNIBEN0515,3.64,63.8,10.0,24,Female,Secondary,No,Pass
UNIBEN0516,3.31,79.8,3.0,24,Male,Tertiary,Yes,Pass
UNIBEN0517,3.55,69.8,7.2,25,Female,Tertiary,Yes,Pass
UNIBEN0518,2.53,70.6,1.8,21,Female,Tertiary,No,Fail
UNIBEN0519,3.72,86.5,0.8,20,Female,Tertiary,No,Pass
UNIBEN0520,4.27,59.3,1.4,24,Female,Secondary,No,Fail
UNIBEN0521,2.32,92.7,1.9,23,Female,Secondary,No,Fail
UNIBEN0522,2.38,58.4,7.6,19,Male,Tertiary,No,Pass
UNIBEN0523,4.05,68.7,2.4,19,Female,Primary,No,Pass
UNIBEN0524,2.91,100.0,4.8,22,Female,Secondary,No,Pass
UNIBEN0525,4.1,93.8,1.7,21,Female,Tertiary,Yes,Pass
UNIBEN0526,2.72,79.4,1.5,21,Male,Tertiary,No,Pass
UNIBEN0527,4.14,64.8,0.5,23,Male,Tertiary,No,Pass
UNIBEN0528,3.15,70.6,7.5,23,Female,None,No,Pass
UNIBEN0529,3.24,79.0,5.8,24,Male,Primary,No,Pass
UNIBEN0530,4.22,78.5,2.8,17,Female,Secondary,No,Pass
UNIBEN0531,2.78,76.7,2.0,22,Male,Tertiary,Yes,Fail
UNIBEN0532,2.34,77.6,2.5,23,Female,Secondary,No,Fail
UNIBEN0533,2.71,75.0,0.7,18,Female,None,Yes,Pass
UNIBEN0534,3.39,57.8,3.3,20,Male,Primary,No,Fail
UNIBEN0535,1.88,70.8,5.5,19,Male,Tertiary,No,Fail
UNIBEN0536,3.53,90.8,5.7,21,Female,Tertiary,Yes,Pass
UNIBEN0537,2.65,58.8,0.6,25,Male,None,Yes,Fail
UNIBEN0538,3.91,75.3,4.7,25,Male,None,Yes,Pass
UNIBEN0539,1.25,66.5,0.7,19,Male,Secondary,No,Fail
UNIBEN0540,2.46,79.6,0.3,22,Male,Primary,No,Fail
UNIBEN0541,1.79,72.6,4.9,22,Female,Tertiary,No,Pass
UNIBEN0542,2.43,98.7,1.6,22,Male,Primary,Yes,Fail
UNIBEN0543,3.24,85.1,4.4,22,Male,Tertiary,No,Pass
UNIBEN0544,2.92,59.6,4.2,22,Female,Tertiary,No,Pass
UNIBEN0545,2.86,87.4,3.8,25,Male,Postgraduate,Yes,Fail
UNIBEN0546,2.93,67.2,2.5,23,Male,Postgraduate,Yes,Fail
UNIBEN0547,3.2,69.9,0.8,19,Female,Secondary,No,Pass
UNIBEN0548,2.29,82.4,1.9,23,Female,None,Yes,Fail
UNIBEN0549,3.58,71.1,5.8,23,Female,Secondary,Yes,Pass
UNIBEN0550,3.55,90.5,4.5,22,Female,Tertiary,Yes,Pass
UNIBEN0551,3.34,67.2,2.0,23,Male,None,Yes,Fail
UNIBEN0552,3.47,69.3,1.9,21,Male,Secondary,Yes,Fail
UNIBEN0553,3.27,68.8,3.6,21,Female,Secondary,Yes,Pass
UNIBEN0554,4.58,70.1,2.6,21,Female,Secondary,No,Pass
UNIBEN0555,2.98,93.4,2.0,17,Female,Tertiary,No,Pass
UNIBEN0556,2.82,86.8,3.4,21,Male,Tertiary,No,Fail
UNIBEN0557,2.48,100.0,3.3,20,Male,Secondary,No,Pass
UNIBEN0558,2.28,100.0,1.4,18,Male,Postgraduate,No,Fail
UNIBEN0559,2.12,63.6,3.0,24,Female,Primary,Yes,Fail
UNIBEN0560,2.38,79.0,3.2,22,Female,Primary,Yes,Pass
UNIBEN0561,3.0,61.5,2.4,21,Male,Secondary,Yes,Fail
UNIBEN0562,3.3,67.1,1.3,20,Male,Tertiary,No,Fail
UNIBEN0563,3.09,69.2,1.8,22,Male,Tertiary,No,Fail
UNIBEN0564,2.48,63.2,1.1,23,Male,Primary,Yes,Fail
UNIBEN0565,3.73,63.3,3.1,19,Female,Postgraduate,No,Pass
UNIBEN0566,3.6,76.0,0.6,21,Female,Secondary,No,Pass
UNIBEN0567,2.93,61.0,6.1,23,Male,Secondary,Yes,Pass
UNIBEN0568,2.56,89.8,5.4,17,Female,Tertiary,No,Pass
UNIBEN0569,3.46,65.2,3.2,21,Female,Postgraduate,No,Pass
UNIBEN0570,3.19,100.0,4.3,20,Male,Tertiary,No,Pass
UNIBEN0571,1.96,71.7,4.1,21,Male,Postgraduate,No,Pass
UNIBEN0572,3.0,79.0,2.6,20,Male,Primary,No,Pass
UNIBEN0573,3.25,59.9,2.1,21,Male,Tertiary,Yes,Fail
UNIBEN0574,2.38,100.0,1.9,25,Female,Tertiary,No,Fail
UNIBEN0575,3.19,93.7,6.3,20,Female,Secondary,No,Pass
UNIBEN0576,1.96,82.2,1.3,22,Male,Secondary,Yes,Fail
UNIBEN0577,4.05,59.1,1.3,25,Male,Postgraduate,No,Fail
UNIBEN0578,3.99,80.9,4.6,20,Female,Primary,Yes,Pass
UNIBEN0579,2.86,62.3,4.3,25,Male,Secondary,No,Fail
UNIBEN0580,3.32,98.5,2.0,21,Female,Tertiary,No,Pass
UNIBEN0581,1.24,89.3,3.5,25,Female,Postgraduate,No,Fail
UNIBEN0582,2.18,79.3,3.8,23,Female,Postgraduate,No,Pass
UNIBEN0583,2.83,43.9,0.8,22,Female,Postgraduate,Yes,Fail
UNIBEN0584,2.25,64.2,5.6,21,Female,None,No,Pass
UNIBEN0585,3.59,87.6,3.8,20,Female,Postgraduate,No,Pass
UNIBEN0586,4.55,95.0,3.3,21,Male,Secondary,No,Pass
UNIBEN0587,2.17,93.5,3.8,23,Male,Tertiary,No,Pass
UNIBEN0588,2.42,55.7,3.0,21,Male,Secondary,No,Pass
UNIBEN0589,3.23,82.2,2.3,20,Male,Tertiary,No,Pass
UNIBEN0590,4.26,92.2,2.7,20,Male,Tertiary,Yes,Pass
UNIBEN0591,2.13,54.8,0.7,23,Male,Tertiary,No,Fail
UNIBEN0592,3.24,77.9,7.9,24,Male,Primary,No,Pass
UNIBEN0593,4.42,81.8,2.2,20,Male,Primary,Yes,Pass
UNIBEN0594,1.81,73.8,7.8,20,Male,Secondary,No,Fail
UNIBEN0595,2.09,52.1,2.7,22,Female,None,Yes,Fail
UNIBEN0596,2.73,73.4,1.5,24,Female,Tertiary,No,Fail
UNIBEN0597,2.66,73.4,5.5,24,Female,Secondary,Yes,Pass
UNIBEN0598,3.66,75.9,3.2,18,Female,Tertiary,No,Pass
UNIBEN0599,3.23,70.1,9.7,20,Female,Primary,Yes,Pass
UNIBEN0600,1.72,71.8,1.5,19,Female,Primary,No,Fail
UNIBEN0601,3.44,77.4,5.6,20,Male,Tertiary,Yes,Pass
UNIBEN0602,2.62,84.2,5.8,25,Female,Secondary,No,Pass
UNIBEN0603,4.01,73.7,4.0,18,Male,Secondary,No,Pass
UNIBEN0604,2.58,72.3,5.8,17,Female,Secondary,No,Fail
UNIBEN0605,2.57,79.3,2.3,19,Female,Secondary,Yes,Fail
UNIBEN0606,3.46,51.1,1.3,22,Male,Tertiary,Yes,Pass
UNIBEN0607,3.62,84.7,1.6,22,Female,Primary,No,Fail
UNIBEN0608,3.39,78.0,2.6,22,Male,Secondary,No,Pass
UNIBEN0609,1.79,78.6,4.1,24,Male,Tertiary,Yes,Pass
UNIBEN0610,3.45,91.5,1.3,17,Male,Secondary,No,Pass
UNIBEN0611,2.27,50.7,1.9,24,Male,Tertiary,Yes,Fail
UNIBEN0612,3.23,50.4,1.4,20,Male,Secondary,No,Fail
UNIBEN0613,1.98,81.8,4.6,23,Female,Postgraduate,Yes,Pass
UNIBEN0614,3.38,77.9,7.8,18,Female,Secondary,No,Pass
UNIBEN0615,2.45,80.4,1.1,21,Male,Secondary,Yes,Fail
UNIBEN0616,2.09,71.5,3.6,22,Female,Postgraduate,Yes,Fail
UNIBEN0617,3.59,87.3,5.0,24,Male,Tertiary,Yes,Pass
UNIBEN0618,3.23,91.1,2.1,18,Male,Tertiary,Yes,Pass
UNIBEN0619,2.59,84.8,0.8,21,Female,Postgraduate,No,Fail
UNIBEN0620,4.14,74.3,5.4,19,Female,None,No,Pass
UNIBEN0621,2.72,48.5,0.7,22,Male,Tertiary,No,Fail
UNIBEN0622,3.07,88.8,6.5,23,Male,Tertiary,No,Pass
UNIBEN0623,3.25,95.1,1.4,24,Female,Secondary,No,Pass
UNIBEN0624,2.59,87.0,0.6,20,Female,Secondary,Yes,Fail
UNIBEN0625,3.4,65.7,1.7,23,Male,Primary,Yes,Pass
UNIBEN0626,2.65,87.4,2.4,24,Male,Postgraduate,Yes,Fail
UNIBEN0627,2.74,90.0,2.8,17,Male,Primary,Yes,Fail
UNIBEN0628,4.07,99.8,3.8,22,Female,Secondary,No,Pass
UNIBEN0629,2.27,65.7,3.0,23,Female,Tertiary,No,Fail
UNIBEN0630,1.24,74.8,7.4,20,Female,Tertiary,No,Pass
UNIBEN0631,4.26,88.5,2.3,18,Male,Primary,No,Pass
UNIBEN0632,4.96,78.8,3.1,23,Female,Tertiary,Yes,Pass
UNIBEN0633,2.75,62.4,2.9,18,Female,Secondary,No,Pass
UNIBEN0634,1.6,83.8,0.5,21,Male,Tertiary,Yes,Fail
UNIBEN0635,2.82,86.1,0.9,21,Female,Primary,Yes,Pass
UNIBEN0636,2.84,79.2,2.6,23,Male,None,Yes,Pass
UNIBEN0637,2.91,81.1,3.4,20,Male,Tertiary,Yes,Pass
UNIBEN0638,2.21,74.4,0.3,19,Female,Primary,No,Fail
UNIBEN0639,3.48,98.7,7.6,21,Male,Secondary,Yes,Pass
UNIBEN0640,3.44,65.4,3.5,23,Female,None,Yes,Fail
UNIBEN0641,1.93,69.8,2.5,26,Male,Tertiary,No,Fail
UNIBEN0642,3.57,78.2,3.4,18,Male,Postgraduate,No,Pass
UNIBEN0643,4.59,90.3,1.6,22,Male,Tertiary,No,Pass
UNIBEN0644,3.18,57.0,2.8,19,Female,Postgraduate,No,Pass
UNIBEN0645,2.8,59.7,3.1,23,Male,Postgraduate,No,Pass
UNIBEN0646,2.94,49.5,5.5,19,Female,Secondary,Yes,Pass
UNIBEN0647,3.51,78.5,2.2,20,Male,Secondary,No,Pass
UNIBEN0648,1.75,62.3,0.7,20,Male,Postgraduate,Yes,Fail
UNIBEN0649,3.17,72.6,1.2,21,Female,Postgraduate,Yes,Pass
UNIBEN0650,2.76,87.3,2.1,22,Male,Postgraduate,No,Pass
UNIBEN0651,4.44,69.0,0.8,22,Female,Tertiary,No,Pass
UNIBEN0652,2.92,81.2,1.1,21,Male,Secondary,No,Pass
UNIBEN0653,4.3,73.8,1.2,18,Male,Postgraduate,No,Pass
UNIBEN0654,2.22,87.4,2.0,23,Female,Postgraduate,No,Fail
UNIBEN0655,3.49,84.7,3.5,21,Female,Tertiary,No,Pass
UNIBEN0656,3.29,68.3,1.9,24,Female,Tertiary,No,Fail
UNIBEN0657,2.4,75.6,3.7,19,Male,Tertiary,No,Fail
UNIBEN0658,3.18,92.6,2.5,17,Male,Postgraduate,Yes,Pass
UNIBEN0659,3.96,83.5,1.2,21,Female,Primary,No,Pass
UNIBEN0660,2.81,58.4,3.2,24,Female,Tertiary,Yes,Pass
UNIBEN0661,1.78,87.2,2.8,21,Female,None,No,Fail
UNIBEN0662,3.04,62.8,3.7,21,Female,Secondary,Yes,Pass
UNIBEN0663,2.37,97.8,4.3,19,Female,Primary,No,Fail
UNIBEN0664,2.79,92.3,5.6,25,Male,Secondary,Yes,Pass
UNIBEN0665,2.99,82.1,3.6,19,Female,Secondary,Yes,Fail
UNIBEN0666,1.77,80.2,2.8,19,Male,Postgraduate,No,Pass
UNIBEN0667,1.84,75.1,3.7,22,Male,Tertiary,Yes,Pass
UNIBEN0668,3.41,87.5,1.7,17,Female,Postgraduate,No,Pass
UNIBEN0669,2.66,72.8,1.7,24,Male,Secondary,No,Fail
UNIBEN0670,1.13,81.3,6.1,22,Male,None,Yes,Fail
UNIBEN0671,3.64,90.2,1.6,23,Female,Tertiary,Yes,Pass
UNIBEN0672,3.25,70.1,1.3,22,Female,Tertiary,No,Fail
UNIBEN0673,2.51,69.4,3.6,21,Female,Tertiary,No,Fail
UNIBEN0674,2.06,61.3,1.8,19,Female,Tertiary,Yes,Fail
UNIBEN0675,3.68,63.1,4.2,21,Male,Tertiary,Yes,Pass
UNIBEN0676,3.31,52.4,5.3,19,Female,Tertiary,No,Pass
UNIBEN0677,4.84,88.2,1.4,22,Male,Postgraduate,No,Pass
UNIBEN0678,3.37,100.0,3.9,23,Male,Tertiary,Yes,Pass
UNIBEN0679,3.34,98.0,1.6,24,Male,Tertiary,Yes,Pass
UNIBEN0680,2.92,55.2,2.1,22,Male,Secondary,Yes,Fail
UNIBEN0681,3.66,88.1,3.1,23,Male,None,Yes,Pass
UNIBEN0682,3.52,97.9,1.7,20,Male,Secondary,No,Pass
UNIBEN0683,3.99,71.6,2.9,20,Female,Tertiary,No,Pass
UNIBEN0684,2.66,79.4,2.2,22,Male,Tertiary,No,Fail
UNIBEN0685,2.72,49.9,4.3,20,Male,Secondary,No,Fail
UNIBEN0686,2.69,81.7,4.3,22,Female,Tertiary,Yes,Pass
UNIBEN0687,3.64,63.1,1.7,19,Female,Primary,No,Fail
UNIBEN0688,4.17,80.8,3.1,19,Female,Secondary,Yes,Pass
UNIBEN0689,2.71,56.1,4.7,22,Male,Postgraduate,Yes,Fail
UNIBEN0690,2.73,85.6,1.1,23,Male,Secondary,No,Fail
UNIBEN0691,3.29,92.3,2.2,19,Female,Secondary,Yes,Pass
UNIBEN0692,2.87,67.0,3.0,22,Female,Secondary,No,Pass
UNIBEN0693,3.76,62.1,1.1,20,Male,Secondary,No,Fail
UNIBEN0694,1.36,47.8,1.8,21,Female,Tertiary,No,Fail
UNIBEN0695,2.43,74.3,6.9,24,Female,Postgraduate,No,Pass
UNIBEN0696,2.46,69.9,1.6,23,Female,Tertiary,Yes,Fail
UNIBEN0697,1.31,56.3,1.8,23,Male,Tertiary,Yes,Fail
UNIBEN0698,2.33,84.3,3.6,25,Female,Secondary,No,Fail
UNIBEN0699,2.36,71.7,1.0,19,Male,Tertiary,No,Fail
UNIBEN0700,2.9,62.9,2.2,19,Female,Secondary,No,Fail
UNIBEN0701,3.88,70.2,1.3,19,Male,None,Yes,Fail
UNIBEN0702,2.87,93.0,2.9,20,Male,Tertiary,Yes,Pass
UNIBEN0703,2.28,86.4,0.1,16,Male,Secondary,Yes,Fail
UNIBEN0704,3.01,76.2,2.6,21,Female,Secondary,No,Pass
UNIBEN0705,3.84,86.7,3.1,20,Female,Primary,No,Pass
UNIBEN0706,2.32,61.7,1.9,23,Female,Tertiary,No,Fail
UNIBEN0707,2.37,78.5,1.9,22,Female,Primary,Yes,Fail
UNIBEN0708,3.47,80.1,1.7,20,Female,Secondary,No,Pass
UNIBEN0709,2.88,71.4,2.2,22,Female,Tertiary,Yes,Pass
UNIBEN0710,3.54,84.1,6.1,23,Male,Secondary,Yes,Pass
UNIBEN0711,3.04,67.1,4.4,19,Female,Postgraduate,Yes,Fail
UNIBEN0712,3.58,85.1,2.2,20,Male,Secondary,No,Pass
UNIBEN0713,2.27,85.7,1.8,16,Male,Tertiary,No,Fail
UNIBEN0714,3.04,37.2,4.1,19,Male,Postgraduate,Yes,Fail
UNIBEN0715,2.89,94.7,2.8,19,Male,Tertiary,No,Pass
UNIBEN0716,2.14,35.3,1.0,21,Female,Tertiary,No,Fail
UNIBEN0717,1.88,69.4,2.0,19,Female,Secondary,Yes,Fail
UNIBEN0718,3.56,92.4,5.7,20,Male,Tertiary,Yes,Pass
UNIBEN0719,2.79,73.6,3.5,18,Female,Postgraduate,No,Fail
UNIBEN0720,2.28,57.5,1.8,21,Male,Tertiary,No,Pass
UNIBEN0721,2.98,62.7,0.7,22,Male,Postgraduate,No,Pass
UNIBEN0722,3.9,92.4,2.9,22,Male,Tertiary,Yes,Pass
UNIBEN0723,1.34,51.1,2.5,21,Male,Tertiary,No,Fail
UNIBEN0724,1.93,93.8,2.2,18,Male,Secondary,No,Pass
UNIBEN0725,2.36,77.2,4.1,20,Male,Tertiary,Yes,Fail
UNIBEN0726,4.15,61.3,3.5,20,Male,Postgraduate,No,Pass
UNIBEN0727,3.26,69.8,0.7,20,Male,Tertiary,No,Pass
UNIBEN0728,3.63,63.8,2.5,21,Female,Secondary,Yes,Pass
UNIBEN0729,2.19,90.1,0.9,24,Male,Tertiary,No,Fail
UNIBEN0730,2.21,88.3,1.7,23,Male,Tertiary,No,Fail
UNIBEN0731,3.39,53.9,0.8,19,Female,Postgraduate,Yes,Fail
UNIBEN0732,3.09,72.3,0.8,22,Male,Primary,No,Fail
UNIBEN0733,3.46,65.9,3.1,22,Male,Primary,No,Fail
UNIBEN0734,2.91,96.1,2.9,19,Male,Secondary,No,Pass
UNIBEN0735,3.26,59.1,2.4,23,Female,Primary,No,Fail
UNIBEN0736,3.17,100.0,1.6,21,Female,Postgraduate,No,Pass
UNIBEN0737,3.63,77.5,0.8,18,Female,Secondary,Yes,Pass
UNIBEN0738,3.66,61.7,1.7,22,Female,Secondary,No,Pass
UNIBEN0739,1.84,68.5,2.9,21,Male,Secondary,No,Fail
UNIBEN0740,1.36,66.8,2.9,20,Male,Secondary,No,Fail
UNIBEN0741,3.8,60.2,5.7,21,Male,Postgraduate,No,Pass
UNIBEN0742,3.94,79.3,5.1,19,Male,Secondary,Yes,Pass
UNIBEN0743,2.28,60.8,2.4,22,Male,None,No,Fail
UNIBEN0744,1.66,47.5,1.7,21,Male,Secondary,Yes,Fail
UNIBEN0745,3.12,72.7,1.3,21,Female,Postgraduate,Yes,Pass
UNIBEN0746,3.75,52.8,0.7,22,Male,Postgraduate,No,Pass
UNIBEN0747,4.4,67.5,1.0,18,Male,Secondary,No,Pass
UNIBEN0748,3.44,65.3,2.9,19,Female,Tertiary,No,Pass
UNIBEN0749,2.77,65.8,3.7,16,Male,Primary,No,Fail
UNIBEN0750,2.38,100.0,2.0,22,Female,Tertiary,Yes,Pass
UNIBEN0751,3.06,78.8,9.5,18,Female,Primary,No,Pass
UNIBEN0752,2.83,81.4,1.0,21,Female,Tertiary,Yes,Fail
UNIBEN0753,2.29,53.1,0.6,22,Male,Postgraduate,No,Fail
UNIBEN0754,4.59,68.8,9.4,22,Male,Primary,No,Pass
UNIBEN0755,4.39,81.0,0.7,18,Female,Secondary,Yes,Pass
UNIBEN0756,3.9,63.7,1.9,21,Female,Primary,Yes,Pass
UNIBEN0757,2.36,90.7,1.4,25,Female,Secondary,Yes,Pass
UNIBEN0758,3.69,61.2,3.1,25,Male,Primary,No,Pass
UNIBEN0759,3.53,74.0,1.8,23,Male,Secondary,No,Pass
UNIBEN0760,3.38,69.8,3.7,22,Male,Postgraduate,Yes,Pass
UNIBEN0761,3.99,80.3,4.2,19,Male,None,Yes,Pass
UNIBEN0762,3.53,69.0,0.7,23,Male,Tertiary,Yes,Fail
UNIBEN0763,3.61,74.2,1.3,21,Female,Primary,Yes,Pass
UNIBEN0764,3.53,74.7,3.9,22,Male,Secondary,No,Fail
UNIBEN0765,3.31,67.7,4.8,20,Female,Secondary,No,Pass
UNIBEN0766,1.71,84.8,2.7,21,Female,Postgraduate,Yes,Fail
UNIBEN0767,3.11,81.3,3.2,21,Male,Primary,No,Pass
UNIBEN0768,2.63,76.8,5.9,22,Female,Primary,Yes,Fail
UNIBEN0769,2.09,72.0,1.9,22,Female,Tertiary,Yes,Fail
UNIBEN0770,4.31,89.2,2.7,20,Male,Tertiary,No,Pass
UNIBEN0771,4.35,74.7,5.1,18,Male,Tertiary,Yes,Pass
UNIBEN0772,4.07,73.7,5.4,25,Female,None,No,Pass
UNIBEN0773,3.24,79.5,2.2,26,Female,Secondary,No,Fail
UNIBEN0774,4.06,100.0,1.3,22,Female,Tertiary,No,Pass
UNIBEN0775,3.06,59.2,2.2,18,Female,Tertiary,Yes,Fail
UNIBEN0776,3.2,88.8,2.4,19,Male,Tertiary,No,Pass
UNIBEN0777,2.23,51.5,1.3,22,Female,Secondary,Yes,Fail
UNIBEN0778,3.35,81.0,1.4,24,Female,Secondary,No,Pass
UNIBEN0779,3.1,100.0,5.4,18,Female,Postgraduate,Yes,Pass
UNIBEN0780,2.07,84.8,3.3,21,Female,Tertiary,No,Pass
UNIBEN0781,3.01,80.4,1.9,21,Female,Primary,Yes,Pass
UNIBEN0782,2.99,70.2,1.0,23,Female,Postgraduate,No,Pass
UNIBEN0783,4.4,78.4,1.4,20,Male,Tertiary,No,Pass
UNIBEN0784,3.72,74.5,0.6,18,Female,Secondary,Yes,Fail
UNIBEN0785,3.06,67.0,2.8,22,Male,Secondary,No,Pass
UNIBEN0786,3.24,73.9,1.4,23,Female,Tertiary,Yes,Fail
UNIBEN0787,3.08,80.8,2.9,21,Female,Secondary,No,Fail
UNIBEN0788,2.9,67.3,3.8,22,Female,Tertiary,Yes,Fail
UNIBEN0789,2.24,66.7,2.9,20,Male,Tertiary,Yes,Fail
UNIBEN0790,2.94,59.0,1.8,19,Male,Primary,No,Fail
UNIBEN0791,2.49,83.5,1.2,23,Male,Postgraduate,No,Pass
UNIBEN0792,2.11,85.6,0.9,22,Male,Secondary,No,Fail
UNIBEN0793,3.43,81.2,5.0,22,Male,Secondary,No,Pass
UNIBEN0794,3.34,91.5,2.9,24,Female,Tertiary,Yes,Pass
UNIBEN0795,1.71,79.2,1.9,19,Male,Tertiary,Yes,Fail
UNIBEN0796,2.96,83.5,3.5,20,Female,Secondary,No,Pass
UNIBEN0797,3.8,82.3,4.5,21,Male,Tertiary,No,Pass
UNIBEN0798,3.84,76.7,1.4,20,Female,Postgraduate,Yes,Fail
UNIBEN0799,3.82,70.6,2.8,23,Female,Tertiary,Yes,Pass
UNIBEN0800,3.08,100.0,2.8,21,Female,Tertiary,No,Pass
UNIBEN0801,2.42,71.7,5.7,19,Female,Secondary,No,Fail
UNIBEN0802,2.24,68.7,1.8,21,Female,Secondary,No,Pass
UNIBEN0803,3.31,84.1,1.2,21,Female,Tertiary,No,Pass
UNIBEN0804,3.33,81.5,3.0,23,Female,None,No,Pass
UNIBEN0805,4.02,58.3,3.7,22,Male,Tertiary,No,Pass
UNIBEN0806,3.87,93.7,2.6,22,Male,Secondary,Yes,Pass
UNIBEN0807,2.95,76.7,6.0,22,Female,Secondary,Yes,Pass
UNIBEN0808,2.12,62.4,1.8,21,Male,Secondary,Yes,Fail
UNIBEN0809,2.81,94.6,2.7,19,Female,Secondary,No,Pass
UNIBEN0810,3.21,86.8,0.7,22,Female,Secondary,Yes,Pass
UNIBEN0811,2.9,60.3,1.1,20,Male,Tertiary,No,Fail
UNIBEN0812,2.62,100.0,1.4,25,Female,Tertiary,No,Pass
UNIBEN0813,3.24,87.2,2.1,24,Female,Secondary,Yes,Pass
UNIBEN0814,2.67,77.9,0.8,22,Female,Secondary,No,Pass
UNIBEN0815,2.58,100.0,3.5,22,Female,Tertiary,No,Pass
UNIBEN0816,3.28,80.2,1.3,21,Female,Primary,Yes,Pass
UNIBEN0817,2.75,77.6,8.5,18,Female,Secondary,No,Pass
UNIBEN0818,3.23,68.8,1.3,21,Female,Secondary,No,Fail
UNIBEN0819,3.25,86.1,2.5,21,Male,Tertiary,Yes,Pass
UNIBEN0820,2.2,84.7,2.3,22,Female,Postgraduate,No,Fail
UNIBEN0821,2.69,78.2,1.0,22,Female,Tertiary,No,Pass
UNIBEN0822,4.13,66.9,2.1,23,Male,Postgraduate,Yes,Pass
UNIBEN0823,2.18,79.8,2.0,19,Male,Tertiary,No,Pass
UNIBEN0824,1.46,77.0,4.2,19,Female,Secondary,No,Fail
UNIBEN0825,1.65,59.3,3.1,24,Male,Secondary,No,Fail
UNIBEN0826,3.07,57.4,3.5,23,Female,Secondary,Yes,Fail
UNIBEN0827,3.07,85.9,4.1,20,Male,Secondary,Yes,Pass
UNIBEN0828,2.96,41.6,3.5,21,Male,Tertiary,No,Fail
UNIBEN0829,3.96,80.9,2.8,21,Female,Secondary,No,Pass
UNIBEN0830,1.05,71.3,1.4,21,Male,Secondary,No,Fail
UNIBEN0831,3.35,96.3,2.7,22,Male,Secondary,No,Pass
UNIBEN0832,4.22,71.1,1.2,27,Female,Tertiary,Yes,Pass
UNIBEN0833,2.2,87.2,2.2,21,Female,Tertiary,No,Fail
UNIBEN0834,2.77,72.4,2.0,22,Male,Postgraduate,No,Fail
UNIBEN0835,2.49,79.6,2.1,17,Female,Secondary,No,Fail
UNIBEN0836,2.38,88.3,0.8,20,Female,Secondary,No,Fail
UNIBEN0837,2.81,71.5,0.1,24,Female,Postgraduate,No,Fail
UNIBEN0838,4.12,92.0,1.7,22,Male,Tertiary,Yes,Pass
UNIBEN0839,4.43,64.1,4.8,16,Male,Tertiary,No,Pass
UNIBEN0840,2.8,82.1,2.5,22,Female,Secondary,No,Fail
UNIBEN0841,4.48,90.9,4.6,25,Female,Primary,No,Pass
UNIBEN0842,3.08,87.2,1.2,17,Male,Postgraduate,Yes,Pass
UNIBEN0843,4.37,100.0,1.7,24,Female,Tertiary,No,Pass
UNIBEN0844,2.98,67.3,8.8,16,Male,Tertiary,Yes,Pass
UNIBEN0845,3.15,58.7,1.3,23,Female,Secondary,Yes,Fail
UNIBEN0846,3.32,64.1,3.4,21,Female,Secondary,Yes,Fail
UNIBEN0847,5.0,87.2,3.4,16,Female,Secondary,No,Pass
UNIBEN0848,3.69,85.0,3.2,22,Female,Tertiary,Yes,Pass
UNIBEN0849,2.52,79.4,3.4,24,Male,Secondary,No,Pass
UNIBEN0850,3.78,62.3,1.2,22,Female,None,No,Fail
UNIBEN0851,2.78,88.7,1.8,22,Male,Secondary,No,Pass
UNIBEN0852,2.68,60.9,0.2,20,Female,Postgraduate,No,Pass
UNIBEN0853,3.73,94.2,5.8,17,Female,Secondary,No,Pass
UNIBEN0854,3.07,100.0,3.4,23,Male,Secondary,No,Pass
UNIBEN0855,3.26,83.1,1.4,25,Male,Tertiary,Yes,Pass
UNIBEN0856,3.06,86.2,1.2,23,Male,Tertiary,Yes,Fail
UNIBEN0857,3.3,71.1,4.8,17,Male,Tertiary,No,Pass
UNIBEN0858,3.37,52.7,1.3,18,Male,Tertiary,No,Fail
UNIBEN0859,1.6,69.6,1.4,19,Female,Primary,No,Fail
UNIBEN0860,3.55,62.7,1.0,17,Male,Postgraduate,Yes,Pass
UNIBEN0861,2.31,57.7,3.9,21,Female,Postgraduate,No,Pass
UNIBEN0862,1.97,100.0,4.5,22,Female,Secondary,No,Pass
UNIBEN0863,3.01,81.8,2.0,18,Female,Tertiary,No,Pass
UNIBEN0864,3.11,83.3,4.5,23,Male,Secondary,No,Pass
UNIBEN0865,2.53,73.7,3.0,22,Female,Secondary,No,Pass
UNIBEN0866,3.67,75.6,1.0,20,Female,Secondary,No,Pass
UNIBEN0867,2.04,91.5,5.6,21,Female,None,No,Fail
UNIBEN0868,2.74,77.5,1.0,17,Female,Postgraduate,No,Pass
UNIBEN0869,2.61,85.4,2.1,20,Female,Secondary,No,Fail
UNIBEN0870,3.02,75.3,2.0,21,Female,Tertiary,No,Fail
UNIBEN0871,3.26,73.2,1.7,21,Female,Secondary,No,Fail
UNIBEN0872,2.29,58.3,0.4,22,Male,Secondary,No,Fail
UNIBEN0873,3.59,50.3,7.7,22,Female,Secondary,No,Pass
UNIBEN0874,3.1,74.3,0.4,20,Male,Secondary,Yes,Fail
UNIBEN0875,1.63,78.8,5.8,22,Male,Tertiary,No,Fail
UNIBEN0876,1.58,60.0,1.2,23,Female,Postgraduate,No,Fail
UNIBEN0877,3.04,77.5,1.5,21,Male,Secondary,Yes,Fail
UNIBEN0878,2.88,78.8,5.4,22,Female,Postgraduate,Yes,Pass
UNIBEN0879,2.97,47.8,3.2,21,Male,Tertiary,Yes,Fail
UNIBEN0880,3.03,65.2,0.7,20,Female,Tertiary,No,Fail
UNIBEN0881,3.22,83.7,0.7,22,Male,Secondary,No,Fail
UNIBEN0882,3.76,83.4,2.9,20,Female,Primary,No,Pass
UNIBEN0883,2.22,61.8,1.0,22,Male,Tertiary,Yes,Pass
UNIBEN0884,2.17,80.2,3.3,21,Male,Tertiary,No,Pass
UNIBEN0885,2.23,92.3,3.5,20,Male,Secondary,No,Pass
UNIBEN0886,3.27,88.9,1.3,20,Female,Tertiary,No,Pass
UNIBEN0887,3.98,76.7,1.6,20,Female,Secondary,Yes,Pass
UNIBEN0888,2.73,71.4,3.0,17,Female,Tertiary,Yes,Pass
UNIBEN0889,1.17,69.2,1.2,22,Male,Secondary,No,Fail
UNIBEN0890,1.77,84.5,2.5,22,Male,Postgraduate,Yes,Fail
UNIBEN0891,2.43,80.7,9.1,23,Male,Secondary,No,Pass
UNIBEN0892,2.63,86.8,3.1,20,Female,Primary,No,Fail
UNIBEN0893,2.74,79.8,1.8,25,Female,Tertiary,Yes,Fail
UNIBEN0894,3.08,89.5,8.2,20,Male,Primary,No,Pass
UNIBEN0895,2.82,79.3,4.0,19,Female,Postgraduate,No,Fail
UNIBEN0896,3.84,89.0,1.0,19,Female,Tertiary,No,Pass
UNIBEN0897,2.54,90.2,1.2,17,Male,Secondary,No,Fail
UNIBEN0898,2.4,66.7,0.5,24,Male,Secondary,Yes,Fail
UNIBEN0899,3.41,52.7,2.9,24,Male,Postgraduate,No,Fail
UNIBEN0900,1.9,99.6,0.3,22,Male,Tertiary,No,Fail
UNIBEN0901,3.34,81.6,8.1,19,Male,Postgraduate,No,Pass
UNIBEN0902,3.13,54.0,1.9,25,Female,Primary,No,Pass
UNIBEN0903,2.94,68.0,4.2,20,Male,Postgraduate,Yes,Pass
UNIBEN0904,4.24,88.8,1.8,20,Female,Secondary,No,Pass
UNIBEN0905,2.58,74.1,2.9,24,Female,Tertiary,No,Fail
UNIBEN0906,4.6,70.8,2.1,22,Female,Secondary,Yes,Pass
UNIBEN0907,2.88,97.6,2.4,26,Female,None,No,Pass
UNIBEN0908,2.09,63.3,5.1,22,Male,Postgraduate,No,Fail
UNIBEN0909,3.1,66.8,6.7,20,Male,Postgraduate,No,Pass
UNIBEN0910,2.24,81.0,6.3,20,Male,Secondary,Yes,Pass
UNIBEN0911,2.49,83.5,10.0,17,Female,Postgraduate,No,Pass
UNIBEN0912,3.35,84.9,1.3,20,Female,Primary,Yes,Pass
UNIBEN0913,3.47,90.8,3.1,24,Male,Primary,No,Pass
UNIBEN0914,2.58,80.8,1.4,22,Male,Primary,No,Fail
UNIBEN0915,3.79,84.9,4.9,21,Male,Secondary,Yes,Pass
UNIBEN0916,3.92,74.4,1.0,19,Male,None,Yes,Fail
UNIBEN0917,4.13,78.9,5.1,21,Female,Secondary,No,Pass
UNIBEN0918,3.45,79.5,2.7,23,Male,Primary,Yes,Pass
UNIBEN0919,4.07,81.0,2.2,22,Male,Tertiary,No,Pass
UNIBEN0920,1.64,88.8,2.4,21,Male,Tertiary,No,Fail
UNIBEN0921,2.81,85.8,0.9,19,Male,Tertiary,No,Pass
UNIBEN0922,2.4,78.6,1.0,23,Male,Secondary,Yes,Fail
UNIBEN0923,3.14,66.7,2.7,16,Female,Tertiary,Yes,Pass
UNIBEN0924,2.62,78.9,2.7,22,Male,Secondary,Yes,Fail
UNIBEN0925,2.93,77.6,1.4,27,Female,Tertiary,No,Pass
UNIBEN0926,4.46,80.7,1.9,18,Male,Tertiary,No,Pass
UNIBEN0927,2.92,100.0,3.3,20,Male,Secondary,No,Pass
UNIBEN0928,3.36,70.7,1.2,21,Male,Primary,Yes,Pass
UNIBEN0929,2.88,83.9,0.4,20,Male,Tertiary,Yes,Pass
UNIBEN0930,3.11,93.0,6.0,23,Male,Postgraduate,Yes,Pass
UNIBEN0931,3.05,79.4,2.9,22,Male,Tertiary,No,Pass
UNIBEN0932,3.39,100.0,1.6,21,Female,Postgraduate,Yes,Pass
UNIBEN0933,3.92,72.7,1.4,23,Female,Postgraduate,Yes,Fail
UNIBEN0934,4.29,82.5,1.2,21,Female,Primary,No,Pass
UNIBEN0935,3.28,66.8,4.9,28,Male,Tertiary,No,Pass
UNIBEN0936,3.49,73.1,0.8,21,Female,Secondary,Yes,Pass
UNIBEN0937,2.19,81.5,3.1,21,Female,Secondary,No,Fail
UNIBEN0938,2.98,89.8,3.1,17,Male,Primary,Yes,Pass
UNIBEN0939,3.76,82.5,3.9,20,Male,Postgraduate,Yes,Pass
UNIBEN0940,3.7,95.6,1.7,24,Female,Tertiary,Yes,Pass
UNIBEN0941,3.21,76.7,5.7,18,Female,Secondary,Yes,Pass
UNIBEN0942,3.71,73.3,4.0,16,Male,Secondary,No,Pass
UNIBEN0943,3.42,100.0,1.7,21,Male,Secondary,No,Pass
UNIBEN0944,3.95,83.5,1.3,24,Female,Tertiary,No,Pass
UNIBEN0945,3.27,67.9,2.1,21,Male,Postgraduate,Yes,Fail
UNIBEN0946,2.78,68.3,1.7,20,Female,Secondary,No,Fail
UNIBEN0947,3.3,64.8,1.1,17,Female,Secondary,No,Pass
UNIBEN0948,0.85,91.1,2.5,22,Female,Tertiary,Yes,Fail
UNIBEN0949,3.34,72.9,1.9,22,Female,Secondary,No,Pass
UNIBEN0950,0.5,79.8,6.5,17,Male,Secondary,No,Fail
UNIBEN0951,1.76,77.1,1.7,23,Female,Primary,No,Fail
UNIBEN0952,3.39,88.2,1.3,23,Female,Primary,Yes,Fail
UNIBEN0953,3.41,66.1,2.4,23,Female,Secondary,No,Pass
UNIBEN0954,2.18,62.9,2.8,22,Male,Postgraduate,No,Pass
UNIBEN0955,2.52,81.1,3.0,22,Male,Secondary,No,Fail
UNIBEN0956,4.08,86.4,2.9,22,Male,Secondary,No,Pass
UNIBEN0957,2.69,82.7,2.4,23,Male,Tertiary,Yes,Fail
UNIBEN0958,4.73,66.7,2.3,17,Female,Postgraduate,No,Pass
UNIBEN0959,3.05,87.5,3.5,18,Female,Secondary,No,Pass
UNIBEN0960,3.36,67.6,1.1,19,Female,None,No,Fail
UNIBEN0961,4.26,70.7,1.3,21,Female,Tertiary,Yes,Pass
UNIBEN0962,3.15,64.8,0.6,22,Male,Secondary,Yes,Fail
UNIBEN0963,2.3,96.2,1.1,22,Male,Tertiary,Yes,Fail
UNIBEN0964,2.97,86.9,4.6,23,Male,Secondary,Yes,Pass
UNIBEN0965,3.02,86.5,3.4,24,Male,None,No,Fail
UNIBEN0966,2.03,95.5,7.1,19,Male,Secondary,Yes,Pass
UNIBEN0967,2.86,100.0,6.0,22,Male,Tertiary,No,Pass
UNIBEN0968,2.49,54.1,3.5,19,Male,Secondary,No,Fail
UNIBEN0969,3.74,67.7,2.6,21,Female,Secondary,No,Pass
UNIBEN0970,3.08,69.4,2.4,22,Male,Secondary,Yes,Fail
UNIBEN0971,2.84,66.1,0.3,16,Male,Tertiary,No,Fail
UNIBEN0972,2.97,62.9,2.2,26,Male,Primary,No,Fail
UNIBEN0973,3.22,73.8,1.5,22,Female,Tertiary,No,Fail
UNIBEN0974,3.51,61.0,1.1,20,Female,Tertiary,Yes,Fail
UNIBEN0975,2.3,82.7,3.1,25,Male,Secondary,No,Pass
UNIBEN0976,2.27,78.7,2.0,20,Male,Postgraduate,Yes,Pass
UNIBEN0977,3.88,84.7,2.5,21,Female,Postgraduate,No,Pass
UNIBEN0978,2.74,85.1,1.0,20,Female,Secondary,No,Pass
UNIBEN0979,1.99,86.4,4.1,25,Female,None,Yes,Fail
UNIBEN0980,3.38,72.8,1.6,21,Female,Secondary,No,Pass
UNIBEN0981,3.4,100.0,3.0,21,Female,Secondary,Yes,Pass
UNIBEN0982,1.9,81.3,1.8,24,Female,Tertiary,No,Fail
UNIBEN0983,3.22,51.9,0.2,22,Male,Postgraduate,No,Fail
UNIBEN0984,3.6,64.0,3.2,21,Female,Tertiary,Yes,Pass
UNIBEN0985,3.33,53.6,2.1,23,Male,Secondary,Yes,Fail
UNIBEN0986,3.52,78.2,0.6,27,Female,Secondary,Yes,Pass
UNIBEN0987,2.0,76.3,0.9,22,Male,None,No,Fail
UNIBEN0988,3.3,71.4,4.2,21,Male,Tertiary,No,Pass
UNIBEN0989,2.82,100.0,0.6,21,Female,Primary,Yes,Fail
UNIBEN0990,2.69,85.7,1.6,24,Female,Postgraduate,No,Fail
UNIBEN0991,3.7,88.2,7.5,20,Male,Tertiary,Yes,Pass
UNIBEN0992,4.16,65.0,3.2,20,Female,Secondary,No,Pass
UNIBEN0993,4.4,64.0,3.8,18,Male,Tertiary,No,Pass
UNIBEN0994,4.04,78.5,1.9,18,Male,Tertiary,Yes,Pass
UNIBEN0995,2.97,80.4,0.5,20,Female,Tertiary,No,Pass
UNIBEN0996,3.31,52.0,2.7,21,Male,Secondary,Yes,Fail
UNIBEN0997,3.63,75.5,0.9,25,Male,Primary,No,Pass
UNIBEN0998,3.14,78.2,0.9,22,Female,Tertiary,No,Pass
UNIBEN0999,3.15,75.0,2.4,19,Male,Primary,No,Pass
UNIBEN1000,3.67,66.6,1.0,19,Male,Tertiary,No,Fail
UNIBEN1001,3.01,70.4,2.3,24,Male,Secondary,No,Pass
UNIBEN1002,2.5,75.5,1.3,23,Female,Tertiary,Yes,Fail
UNIBEN1003,2.74,79.3,2.2,21,Male,Tertiary,No,Fail
UNIBEN1004,3.53,86.5,1.5,20,Male,Primary,Yes,Fail
UNIBEN1005,3.05,93.1,2.2,23,Female,Secondary,No,Pass
UNIBEN1006,3.31,73.9,5.7,19,Male,Tertiary,Yes,Pass
UNIBEN1007,3.55,71.6,3.9,22,Male,Primary,No,Pass
UNIBEN1008,2.77,84.1,2.1,26,Female,Tertiary,No,Pass
UNIBEN1009,3.62,86.6,5.1,21,Female,Tertiary,No,Pass
UNIBEN1010,3.33,71.9,3.0,19,Male,Secondary,No,Pass
UNIBEN1011,2.12,89.1,4.9,22,Female,Tertiary,No,Pass
UNIBEN1012,4.13,91.7,0.7,20,Female,Secondary,Yes,Pass
UNIBEN1013,2.67,96.1,1.0,18,Male,Tertiary,No,Fail
UNIBEN1014,1.81,100.0,2.6,23,Female,Primary,No,Fail
UNIBEN1015,2.27,65.9,2.0,23,Female,None,No,Fail
UNIBEN1016,2.28,78.2,2.2,20,Female,None,Yes,Fail
UNIBEN1017,3.09,78.2,3.4,20,Female,Postgraduate,No,Pass
UNIBEN1018,2.84,76.6,2.7,19,Female,Postgraduate,Yes,Pass
UNIBEN1019,2.8,68.9,4.1,21,Female,Tertiary,No,Pass
UNIBEN1020,3.51,57.2,4.0,20,Female,Primary,Yes,Pass
UNIBEN1021,3.3,79.3,1.0,19,Female,Secondary,Yes,Pass
UNIBEN1022,3.29,67.2,0.2,25,Female,Tertiary,Yes,Fail
UNIBEN1023,3.36,79.2,1.0,22,Female,Tertiary,Yes,Fail
UNIBEN1024,3.51,66.9,0.9,22,Female,Primary,No,Fail
UNIBEN1025,1.47,62.6,2.4,23,Male,Postgraduate,No,Fail
UNIBEN1026,2.78,81.3,2.3,23,Male,Primary,No,Fail
UNIBEN1027,1.41,80.1,1.9,20,Female,Primary,No,Fail
UNIBEN1028,3.08,86.1,3.1,22,Male,Postgraduate,Yes,Pass
UNIBEN1029,3.05,100.0,9.6,20,Female,Secondary,Yes,Pass
UNIBEN1030,3.83,81.9,1.9,22,Female,Secondary,No,Pass
UNIBEN1031,3.94,84.8,2.7,22,Female,Tertiary,No,Pass
UNIBEN1032,3.2,62.9,2.2,20,Male,Postgraduate,No,Fail
UNIBEN1033,2.67,60.0,1.4,18,Female,Primary,Yes,Fail
UNIBEN1034,3.41,100.0,3.4,21,Male,Tertiary,No,Pass
UNIBEN1035,2.65,65.1,1.8,21,Female,Secondary,Yes,Fail
UNIBEN1036,3.05,63.4,1.2,17,Male,Primary,No,Pass
UNIBEN1037,3.79,77.5,1.3,22,Male,Secondary,Yes,Fail
UNIBEN1038,2.63,76.7,4.2,23,Female,Tertiary,No,Pass
UNIBEN1039,3.65,65.4,3.3,27,Female,Secondary,Yes,Pass
UNIBEN1040,3.56,73.7,1.6,20,Female,Secondary,No,Pass
UNIBEN1041,2.33,95.2,3.1,20,Male,Tertiary,Yes,Fail
UNIBEN1042,3.78,66.7,2.3,19,Male,Tertiary,No,Pass
UNIBEN1043,3.57,58.5,2.7,21,Male,Tertiary,Yes,Pass
UNIBEN1044,3.13,91.2,1.4,21,Female,Tertiary,No,Fail
UNIBEN1045,2.48,84.9,1.0,19,Female,Secondary,Yes,Pass
UNIBEN1046,2.41,69.3,1.8,21,Male,Secondary,Yes,Fail
UNIBEN1047,2.65,55.8,1.1,17,Male,Secondary,No,Pass
UNIBEN1048,3.46,67.6,1.0,23,Male,Tertiary,Yes,Pass
UNIBEN1049,2.33,77.2,0.7,19,Female,Primary,Yes,Pass
UNIBEN1050,3.38,94.3,0.2,21,Male,Secondary,No,Fail
UNIBEN1051,2.12,63.5,1.6,18,Male,Primary,No,Fail
UNIBEN1052,2.9,76.8,4.7,20,Male,Secondary,No,Fail
UNIBEN1053,3.13,87.5,4.0,20,Male,Postgraduate,Yes,Pass
UNIBEN1054,4.88,44.7,6.3,21,Male,Tertiary,No,Pass
UNIBEN1055,2.02,92.5,1.0,22,Male,Secondary,No,Fail
UNIBEN1056,4.15,61.4,3.5,24,Female,Tertiary,Yes,Pass
UNIBEN1057,3.16,82.6,2.1,23,Female,Tertiary,No,Pass
UNIBEN1058,3.36,81.5,1.3,23,Male,Secondary,Yes,Fail
UNIBEN1059,3.14,93.2,4.4,24,Female,Secondary,No,Pass
UNIBEN1060,3.38,85.7,2.1,22,Male,Tertiary,No,Pass
UNIBEN1061,2.93,44.7,0.4,21,Female,Primary,No,Fail
UNIBEN1062,4.14,67.0,3.9,23,Female,Tertiary,No,Pass
UNIBEN1063,2.71,79.9,2.9,23,Male,Tertiary,Yes,Pass
UNIBEN1064,3.9,75.3,2.5,22,Female,Tertiary,Yes,Pass
UNIBEN1065,2.57,84.7,0.8,18,Female,Postgraduate,No,Fail
UNIBEN1066,3.0,89.1,2.7,19,Female,Tertiary,No,Pass
UNIBEN1067,2.25,86.5,5.7,20,Male,Secondary,No,Pass
UNIBEN1068,3.39,75.0,2.9,23,Male,Primary,Yes,Pass
UNIBEN1069,4.13,52.2,0.6,21,Male,Tertiary,No,Fail
UNIBEN1070,2.99,71.6,3.0,24,Female,Tertiary,Yes,Pass
UNIBEN1071,2.9,83.8,2.9,24,Female,Postgraduate,Yes,Pass
UNIBEN1072,2.21,62.7,3.7,24,Male,Tertiary,No,Fail
UNIBEN1073,2.88,86.8,2.8,24,Female,Primary,No,Pass
UNIBEN1074,1.86,90.7,1.0,19,Male,Tertiary,No,Pass
UNIBEN1075,2.37,79.8,2.4,22,Male,Postgraduate,No,Fail
UNIBEN1076,3.22,35.1,1.9,20,Female,Tertiary,Yes,Fail
UNIBEN1077,4.04,60.1,2.6,17,Male,Tertiary,No,Pass
UNIBEN1078,5.0,100.0,4.5,20,Female,Secondary,No,Pass
UNIBEN1079,2.61,70.3,1.3,24,Female,Tertiary,No,Fail
UNIBEN1080,4.13,50.2,6.9,22,Female,Secondary,Yes,Pass
UNIBEN1081,3.23,95.3,3.0,25,Female,Primary,Yes,Pass
UNIBEN1082,2.94,78.2,4.0,21,Male,Tertiary,No,Pass
UNIBEN1083,3.37,93.5,3.6,26,Female,Postgraduate,Yes,Pass
UNIBEN1084,3.1,81.9,2.9,21,Female,Tertiary,Yes,Pass
UNIBEN1085,3.13,84.4,3.3,21,Male,Secondary,No,Pass
UNIBEN1086,2.74,83.1,0.0,18,Male,Primary,No,Pass
UNIBEN1087,2.0,87.8,3.6,23,Male,Secondary,Yes,Fail
UNIBEN1088,1.89,100.0,1.1,20,Male,Tertiary,No,Fail
UNIBEN1089,3.54,91.6,2.2,20,Female,Tertiary,No,Pass
UNIBEN1090,2.84,55.9,2.9,24,Male,Postgraduate,No,Pass
UNIBEN1091,2.6,84.3,4.6,24,Female,Secondary,No,Fail
UNIBEN1092,3.06,94.0,1.1,23,Male,Tertiary,No,Pass
UNIBEN1093,3.65,94.8,1.6,20,Male,Tertiary,Yes,Pass
UNIBEN1094,3.19,72.0,1.8,21,Male,Secondary,Yes,Pass
UNIBEN1095,2.56,94.3,2.6,21,Male,Postgraduate,No,Pass
UNIBEN1096,3.97,91.0,1.9,23,Female,Tertiary,No,Pass
UNIBEN1097,4.23,100.0,3.3,24,Male,None,No,Pass
UNIBEN1098,3.42,67.5,0.5,22,Male,None,No,Fail
UNIBEN1099,3.78,70.9,2.0,25,Male,Postgraduate,Yes,Pass
UNIBEN1100,3.98,73.7,6.1,23,Male,Tertiary,Yes,Pass
UNIBEN1101,3.9,71.1,1.9,20,Female,Tertiary,No,Fail
UNIBEN1102,3.51,65.5,3.0,23,Female,Tertiary,Yes,Pass
UNIBEN1103,3.5,39.3,4.2,25,Male,Secondary,No,Fail
UNIBEN1104,3.44,71.9,2.9,25,Female,Tertiary,No,Pass
UNIBEN1105,2.23,83.2,7.3,24,Male,Postgraduate,No,Pass
UNIBEN1106,3.58,71.1,2.4,21,Female,Primary,Yes,Pass
UNIBEN1107,2.03,100.0,3.4,21,Female,Tertiary,No,Pass
UNIBEN1108,2.45,78.2,2.7,22,Male,Secondary,Yes,Pass
UNIBEN1109,4.03,96.1,5.3,25,Female,Secondary,No,Pass
UNIBEN1110,3.68,81.7,1.7,22,Female,Secondary,Yes,Pass
UNIBEN1111,4.17,89.6,7.7,22,Male,Tertiary,No,Pass
UNIBEN1112,2.85,81.9,1.4,21,Female,None,No,Pass
UNIBEN1113,2.19,97.2,6.5,20,Female,Secondary,No,Pass
UNIBEN1114,2.87,78.8,1.0,21,Male,Tertiary,No,Fail
UNIBEN1115,3.13,84.9,3.5,21,Female,Primary,Yes,Pass
UNIBEN1116,3.11,83.1,2.3,25,Female,Tertiary,No,Pass
UNIBEN1117,3.9,74.0,4.1,20,Female,Postgraduate,No,Pass
UNIBEN1118,2.78,83.7,3.1,21,Male,Primary,No,Fail
UNIBEN1119,3.31,100.0,4.0,19,Female,Primary,Yes,Pass
UNIBEN1120,2.31,74.2,1.0,23,Female,Postgraduate,No,Fail
UNIBEN1121,3.39,83.9,0.6,24,Female,Primary,No,Pass
UNIBEN1122,3.05,95.6,0.8,25,Male,Primary,No,Pass
UNIBEN1123,2.49,94.0,0.8,21,Male,Postgraduate,No,Pass
UNIBEN1124,2.87,78.2,1.0,22,Female,Postgraduate,Yes,Pass
UNIBEN1125,2.91,44.6,1.4,21,Female,Tertiary,No,Fail
UNIBEN1126,2.85,85.2,1.4,22,Male,Tertiary,Yes,Pass
UNIBEN1127,4.38,46.9,2.3,22,Female,Postgraduate,Yes,Pass
UNIBEN1128,2.98,98.6,1.2,21,Female,Tertiary,No,Pass
UNIBEN1129,2.87,80.4,1.3,21,Female,Tertiary,Yes,Pass
UNIBEN1130,1.48,92.0,2.0,22,Male,Tertiary,No,Fail
UNIBEN1131,2.38,65.4,4.5,20,Female,Tertiary,Yes,Pass
UNIBEN1132,2.85,56.3,1.6,20,Male,Secondary,No,Fail
UNIBEN1133,2.54,81.7,2.2,25,Male,Secondary,No,Fail
UNIBEN1134,4.09,77.5,2.5,27,Female,Secondary,No,Pass
UNIBEN1135,2.93,71.1,1.1,18,Female,Secondary,No,Pass
UNIBEN1136,4.02,79.2,1.8,18,Male,Secondary,No,Pass
UNIBEN1137,3.1,100.0,1.3,19,Female,Secondary,Yes,Pass
UNIBEN1138,3.08,89.7,4.2,21,Female,Tertiary,No,Pass
UNIBEN1139,2.98,92.7,4.0,23,Male,Secondary,No,Fail
UNIBEN1140,3.05,89.8,1.2,22,Male,None,No,Fail
UNIBEN1141,4.34,98.7,2.2,21,Female,Secondary,Yes,Pass
UNIBEN1142,1.31,75.3,3.4,22,Female,Secondary,Yes,Fail
UNIBEN1143,1.55,49.2,2.8,19,Male,Tertiary,No,Pass
UNIBEN1144,2.64,75.4,3.0,20,Female,Secondary,No,Pass
UNIBEN1145,3.06,89.4,1.1,21,Female,Secondary,Yes,Pass
UNIBEN1146,3.57,64.4,6.3,18,Female,Tertiary,Yes,Pass
UNIBEN1147,3.4,75.5,1.4,18,Female,None,No,Pass
UNIBEN1148,2.76,68.3,1.4,19,Male,Primary,Yes,Fail
UNIBEN1149,3.81,99.0,0.8,23,Male,Tertiary,No,Pass
UNIBEN1150,3.82,88.5,2.0,22,Male,Tertiary,Yes,Pass
UNIBEN1151,3.19,87.1,4.8,22,Female,Tertiary,Yes,Pass
UNIBEN1152,3.77,86.7,2.8,17,Female,Tertiary,Yes,Pass
UNIBEN1153,3.25,77.5,2.1,18,Female,Postgraduate,No,Fail
UNIBEN1154,2.63,80.8,3.8,22,Male,Primary,No,Fail
UNIBEN1155,3.57,61.4,4.7,16,Female,Tertiary,Yes,Pass
UNIBEN1156,3.13,47.4,4.0,24,Male,Tertiary,Yes,Pass
UNIBEN1157,3.05,80.1,0.4,17,Male,Secondary,No,Fail
UNIBEN1158,4.15,82.5,3.8,23,Male,Postgraduate,Yes,Pass
UNIBEN1159,1.21,94.9,3.1,19,Female,Secondary,No,Fail
UNIBEN1160,1.99,100.0,1.2,23,Male,Postgraduate,Yes,Pass
UNIBEN1161,2.16,100.0,3.1,28,Female,Tertiary,No,Fail
UNIBEN1162,2.78,64.0,4.8,16,Female,Secondary,Yes,Pass
UNIBEN1163,2.86,73.1,1.5,23,Female,Primary,No,Fail
UNIBEN1164,1.92,84.7,4.2,17,Male,Postgraduate,No,Fail
UNIBEN1165,2.31,100.0,2.9,22,Female,Tertiary,Yes,Pass
UNIBEN1166,2.4,98.7,0.1,21,Female,None,Yes,Fail
UNIBEN1167,4.89,93.7,2.2,21,Male,None,Yes,Pass
UNIBEN1168,4.4,72.6,2.8,19,Female,Tertiary,Yes,Pass
UNIBEN1169,2.74,65.6,1.8,23,Female,Primary,No,Fail
UNIBEN1170,2.78,89.0,2.9,18,Male,Tertiary,Yes,Pass
UNIBEN1171,2.19,62.6,2.1,24,Female,Tertiary,Yes,Fail
UNIBEN1172,1.62,74.7,8.6,20,Male,Secondary,Yes,Fail
UNIBEN1173,2.96,76.4,1.7,18,Male,Tertiary,No,Fail
UNIBEN1174,2.3,100.0,1.2,25,Female,Secondary,No,Fail
UNIBEN1175,2.99,73.0,4.0,21,Male,Postgraduate,No,Pass
UNIBEN1176,1.85,43.9,1.9,25,Male,Tertiary,No,Fail
UNIBEN1177,2.48,85.1,2.2,24,Male,Secondary,No,Pass
UNIBEN1178,3.16,68.2,2.0,19,Male,Secondary,Yes,Fail
UNIBEN1179,3.32,78.6,3.9,21,Male,Secondary,No,Pass
UNIBEN1180,3.36,76.8,1.0,21,Female,Postgraduate,No,Pass
UNIBEN1181,2.06,74.2,4.1,24,Male,Secondary,Yes,Fail
UNIBEN1182,3.69,89.1,3.3,22,Male,Tertiary,No,Pass
UNIBEN1183,2.45,56.5,6.9,21,Female,Postgraduate,Yes,Pass
UNIBEN1184,3.52,70.8,2.6,21,Female,Primary,Yes,Pass
UNIBEN1185,3.04,87.6,1.0,21,Male,Tertiary,No,Fail
UNIBEN1186,2.02,69.4,2.7,24,Male,Primary,Yes,Fail
UNIBEN1187,2.81,55.5,2.9,21,Male,Tertiary,No,Fail
UNIBEN1188,3.32,87.4,5.1,20,Male,Secondary,No,Pass
UNIBEN1189,3.51,93.7,1.0,20,Male,Postgraduate,No,Pass
UNIBEN1190,2.94,77.4,0.6,20,Female,Secondary,Yes,Fail
UNIBEN1191,4.2,50.5,2.7,18,Female,Primary,No,Fail
UNIBEN1192,3.81,87.9,7.1,19,Male,Tertiary,No,Pass
UNIBEN1193,2.86,54.8,3.6,24,Female,Tertiary,Yes,Fail
UNIBEN1194,3.61,82.3,3.8,21,Male,Tertiary,Yes,Pass
UNIBEN1195,4.5,65.6,0.7,23,Male,Tertiary,No,Pass
UNIBEN1196,4.52,61.8,2.4,16,Male,Secondary,No,Pass
UNIBEN1197,2.13,71.8,5.1,22,Male,Tertiary,Yes,Fail
UNIBEN1198,2.36,75.4,2.9,21,Female,None,Yes,Pass
UNIBEN1199,4.16,69.0,0.6,20,Male,Primary,No,Pass
UNIBEN1200,2.26,86.2,2.4,21,Female,Postgraduate,Yes,Pass
